OBJECTID;Library Name;Address Line 1 (SAO);Address Line 2 (PAO);Street;Locality;Town;Postcode;UPRN;Telephone;Email Address;X;Y;Full address;WEBX;WEBY;GIS_WEBLINK_URL;FAX;URL;geo_shape;geo_point_2d
2598;Southmead Library;;Southmead Library;Greystoke Avenue;Southmead;Bristol;BS10 6AS;000000201220;0117 9038583;southmead.library@bristol.gov.uk;358184;178409;Southmead Library, Greystoke Avenue, Bristol, BS10 6AS.;358184;178409;"https://bcc.maps.arcgis.com/apps/Embed/index.html?webmap=34d4096ad1bd44459ec928dbee17a411&feature=moving_home_5779;OBJECTID;2598&center=0,0&level=7&scale=false&disable_scroll=false&logoimage=data:image/png;base64,iVBORw0KGgoAAAANSUhEUgAAACAAAAAgCAYAAABzenr0AAADV0lEQVRYR+2XUYhUVRjHf4eZuWZ1WYxoBWEhWUl62eWepW1gkUWwfUhBxU1EqIcMgywRX8qXiB56SdAssNAgQiJXLEgRCXKQYhiZc9l9MIqWjSDFNVGGtbZm7vDFWWaWy3jvnTO92IMfnLf/+c7/fN85/+/7lNb6fWA78AjwMPA3cLO9ROSmUuqa53lHy+XyIg5WLBZX1uv1/SKyRin1BBBfDwF/AX8CZ5XWeg540sHvNmPM1w44tNZbga8csL9aAvMthln4M77v7yqVSpGDU8bHx/MLCwtfADu64OctgQXg0QxgT4e3/TiSuGsJ/AE8nkZARA6EYXjE5eadGK3168AHGXtvWQJXgaczQE0ReT4Mw4u9kNBajwHfAYWMfT9aApeA8S7Oa8CzxpifXEgMDQ2tyefzBujvgi9ZAl8CLzg4nvU8b7RcLt/Owg4ODq7o6+u7DDzj4PO0CoLgmFJqXwt8BrCbD6eE7pLv+89l/Qat9Qng5YTDm8BBwKZm6XeIyIc2Am8C7wHLr72VP0umM4SNfD6/tlKp/J50O611H3ADsGITtztKqZ3VavXbjt/xlmqp1oTv++fiN2vl8Ww8lCLyaRiGSbdbPiwIguNKqb2x039uNptbpqenf+n4ops9z7uoHPL5EbBbRD4rFApvVyoVK1ypNjo62h9F0bvAi0AJ2GmMsY840TIJtHfY0GY5SfJsiQwMDNyampqyuU81JwIOr/k/Qx4QeBCB/38ErHItLi6uTlO/tOfv+nUzI1AsFh+r1+tWksdE5PNCoXDIRYgajcY7SqmXgFO1Wu212dnZf1KFKE2KtdbrgW+AwfZmEfk4DMNXsz691voT4JUY5koURdtnZmauJUpxUjEKgmBCKWXLtC0ucbMd8+o0VWzJ8G/Aio59Vr53GGO+v6cYdZZjEflBKWVb9VzCTU8aY/akRWBycjI3Nzd3HphIwDRa5XhDZzl2bUiu1Gq1DVn5tIe2SnIFeMpBn0+7tmTzURTpeB6znA8PD6/L5XKWxKouJJZasm5NqQ3dRps/hxstQ0ZGRjaJyIWUVLZxS01pZlsOvGGMOdbL4bEyvh/IaumX2vL7Ppjc99HMaThVSk1Wq1Wril2t1+HUZTy/Dhw1xtixuqv1Mp7/C9eAi3Z6kx7eAAAAAElFTkSuQmCC&logolink=https%3A%2F%2Fbcc.maps.arcgis.com%2Fapps%2FEmbed%2Findex.html%3Fwebmap%3D34d4096ad1bd44459ec928dbee17a411%26feature%3Dmoving_home_5779%3BOBJECTID%3B2598%26level%3D7%26scale%3Dfalse%26disable_scroll%3Dfalse%26logoimage%3Dhttps%3A%2F%2Fwww2.bristol.gov.uk%2Fsites%2Fall%2Fthemes%2Fbcclite%2Fimages%2Fbcc_logo_roundel.png";;https://www.bristol.gov.uk/libraries-archives/library-finder/-/journal_content/56/20195/LIBRARY-UPRN-000000201220;"{""type"": ""Point"", ""coordinates"": [-2.6038445266077073, 51.50305754257728]}";51.5030575426,-2.60384452661
2611;Redland Library;;Redland Library;Whiteladies Road;Clifton;Bristol;BS8 2PY;000000076586;0117 9038549;redland.library@bristol.gov.uk;357663;174215;Redland Library, Whiteladies Road, Bristol, BS8 2PY.;357663;174215;"https://bcc.maps.arcgis.com/apps/Embed/index.html?webmap=34d4096ad1bd44459ec928dbee17a411&feature=moving_home_5779;OBJECTID;2611&center=0,0&level=7&scale=false&disable_scroll=false&logoimage=data:image/png;base64,iVBORw0KGgoAAAANSUhEUgAAACAAAAAgCAYAAABzenr0AAADV0lEQVRYR+2XUYhUVRjHf4eZuWZ1WYxoBWEhWUl62eWepW1gkUWwfUhBxU1EqIcMgywRX8qXiB56SdAssNAgQiJXLEgRCXKQYhiZc9l9MIqWjSDFNVGGtbZm7vDFWWaWy3jvnTO92IMfnLf/+c7/fN85/+/7lNb6fWA78AjwMPA3cLO9ROSmUuqa53lHy+XyIg5WLBZX1uv1/SKyRin1BBBfDwF/AX8CZ5XWeg540sHvNmPM1w44tNZbga8csL9aAvMthln4M77v7yqVSpGDU8bHx/MLCwtfADu64OctgQXg0QxgT4e3/TiSuGsJ/AE8nkZARA6EYXjE5eadGK3168AHGXtvWQJXgaczQE0ReT4Mw4u9kNBajwHfAYWMfT9aApeA8S7Oa8CzxpifXEgMDQ2tyefzBujvgi9ZAl8CLzg4nvU8b7RcLt/Owg4ODq7o6+u7DDzj4PO0CoLgmFJqXwt8BrCbD6eE7pLv+89l/Qat9Qng5YTDm8BBwKZm6XeIyIc2Am8C7wHLr72VP0umM4SNfD6/tlKp/J50O611H3ADsGITtztKqZ3VavXbjt/xlmqp1oTv++fiN2vl8Ww8lCLyaRiGSbdbPiwIguNKqb2x039uNptbpqenf+n4ops9z7uoHPL5EbBbRD4rFApvVyoVK1ypNjo62h9F0bvAi0AJ2GmMsY840TIJtHfY0GY5SfJsiQwMDNyampqyuU81JwIOr/k/Qx4QeBCB/38ErHItLi6uTlO/tOfv+nUzI1AsFh+r1+tWksdE5PNCoXDIRYgajcY7SqmXgFO1Wu212dnZf1KFKE2KtdbrgW+AwfZmEfk4DMNXsz691voT4JUY5koURdtnZmauJUpxUjEKgmBCKWXLtC0ucbMd8+o0VWzJ8G/Aio59Vr53GGO+v6cYdZZjEflBKWVb9VzCTU8aY/akRWBycjI3Nzd3HphIwDRa5XhDZzl2bUiu1Gq1DVn5tIe2SnIFeMpBn0+7tmTzURTpeB6znA8PD6/L5XKWxKouJJZasm5NqQ3dRps/hxstQ0ZGRjaJyIWUVLZxS01pZlsOvGGMOdbL4bEyvh/IaumX2vL7Ppjc99HMaThVSk1Wq1Wril2t1+HUZTy/Dhw1xtixuqv1Mp7/C9eAi3Z6kx7eAAAAAElFTkSuQmCC&logolink=https%3A%2F%2Fbcc.maps.arcgis.com%2Fapps%2FEmbed%2Findex.html%3Fwebmap%3D34d4096ad1bd44459ec928dbee17a411%26feature%3Dmoving_home_5779%3BOBJECTID%3B2611%26level%3D7%26scale%3Dfalse%26disable_scroll%3Dfalse%26logoimage%3Dhttps%3A%2F%2Fwww2.bristol.gov.uk%2Fsites%2Fall%2Fthemes%2Fbcclite%2Fimages%2Fbcc_logo_roundel.png";;https://www.bristol.gov.uk/libraries-archives/library-finder/-/journal_content/56/20195/LIBRARY-UPRN-000000076586;"{""type"": ""Point"", ""coordinates"": [-2.610846600442777, 51.4653105029925]}";51.465310503,-2.61084660044
2614;Whitchurch Library;Unit 7;Whitchurch District Centre;Oatlands Avenue;Whitchurch;Bristol;BS14 0SX;000000276047;0117 9031185;whitchurch.library@bristol.gov.uk;360329;168488;Unit 7, Whitchurch District Centre, Oatlands Avenue, Bristol, BS14 0SX.;360329;168488;"https://bcc.maps.arcgis.com/apps/Embed/index.html?webmap=34d4096ad1bd44459ec928dbee17a411&feature=moving_home_5779;OBJECTID;2614&center=0,0&level=7&scale=false&disable_scroll=false&logoimage=data:image/png;base64,iVBORw0KGgoAAAANSUhEUgAAACAAAAAgCAYAAABzenr0AAADV0lEQVRYR+2XUYhUVRjHf4eZuWZ1WYxoBWEhWUl62eWepW1gkUWwfUhBxU1EqIcMgywRX8qXiB56SdAssNAgQiJXLEgRCXKQYhiZc9l9MIqWjSDFNVGGtbZm7vDFWWaWy3jvnTO92IMfnLf/+c7/fN85/+/7lNb6fWA78AjwMPA3cLO9ROSmUuqa53lHy+XyIg5WLBZX1uv1/SKyRin1BBBfDwF/AX8CZ5XWeg540sHvNmPM1w44tNZbga8csL9aAvMthln4M77v7yqVSpGDU8bHx/MLCwtfADu64OctgQXg0QxgT4e3/TiSuGsJ/AE8nkZARA6EYXjE5eadGK3168AHGXtvWQJXgaczQE0ReT4Mw4u9kNBajwHfAYWMfT9aApeA8S7Oa8CzxpifXEgMDQ2tyefzBujvgi9ZAl8CLzg4nvU8b7RcLt/Owg4ODq7o6+u7DDzj4PO0CoLgmFJqXwt8BrCbD6eE7pLv+89l/Qat9Qng5YTDm8BBwKZm6XeIyIc2Am8C7wHLr72VP0umM4SNfD6/tlKp/J50O611H3ADsGITtztKqZ3VavXbjt/xlmqp1oTv++fiN2vl8Ww8lCLyaRiGSbdbPiwIguNKqb2x039uNptbpqenf+n4ops9z7uoHPL5EbBbRD4rFApvVyoVK1ypNjo62h9F0bvAi0AJ2GmMsY840TIJtHfY0GY5SfJsiQwMDNyampqyuU81JwIOr/k/Qx4QeBCB/38ErHItLi6uTlO/tOfv+nUzI1AsFh+r1+tWksdE5PNCoXDIRYgajcY7SqmXgFO1Wu212dnZf1KFKE2KtdbrgW+AwfZmEfk4DMNXsz691voT4JUY5koURdtnZmauJUpxUjEKgmBCKWXLtC0ucbMd8+o0VWzJ8G/Aio59Vr53GGO+v6cYdZZjEflBKWVb9VzCTU8aY/akRWBycjI3Nzd3HphIwDRa5XhDZzl2bUiu1Gq1DVn5tIe2SnIFeMpBn0+7tmTzURTpeB6znA8PD6/L5XKWxKouJJZasm5NqQ3dRps/hxstQ0ZGRjaJyIWUVLZxS01pZlsOvGGMOdbL4bEyvh/IaumX2vL7Ppjc99HMaThVSk1Wq1Wril2t1+HUZTy/Dhw1xtixuqv1Mp7/C9eAi3Z6kx7eAAAAAElFTkSuQmCC&logolink=https%3A%2F%2Fbcc.maps.arcgis.com%2Fapps%2FEmbed%2Findex.html%3Fwebmap%3D34d4096ad1bd44459ec928dbee17a411%26feature%3Dmoving_home_5779%3BOBJECTID%3B2614%26level%3D7%26scale%3Dfalse%26disable_scroll%3Dfalse%26logoimage%3Dhttps%3A%2F%2Fwww2.bristol.gov.uk%2Fsites%2Fall%2Fthemes%2Fbcclite%2Fimages%2Fbcc_logo_roundel.png";;https://www.bristol.gov.uk/libraries-archives/library-finder/-/journal_content/56/20195/LIBRARY-UPRN-000000276047;"{""type"": ""Point"", ""coordinates"": [-2.571824955731567, 51.414011791153975]}";51.4140117912,-2.57182495573
2594;Marksbury Road Library;;Marksbury Road Library;Marksbury Road;Bedminster;Bristol;BS3 5LG;000000136944;0117 9038574;marksburyrd.library@bristol.gov.uk;358227;170695;Marksbury Road Library, Marksbury Road, Bristol, BS3 5LG.;358227;170695;"https://bcc.maps.arcgis.com/apps/Embed/index.html?webmap=34d4096ad1bd44459ec928dbee17a411&feature=moving_home_5779;OBJECTID;2594&center=0,0&level=7&scale=false&disable_scroll=false&logoimage=data:image/png;base64,iVBORw0KGgoAAAANSUhEUgAAACAAAAAgCAYAAABzenr0AAADV0lEQVRYR+2XUYhUVRjHf4eZuWZ1WYxoBWEhWUl62eWepW1gkUWwfUhBxU1EqIcMgywRX8qXiB56SdAssNAgQiJXLEgRCXKQYhiZc9l9MIqWjSDFNVGGtbZm7vDFWWaWy3jvnTO92IMfnLf/+c7/fN85/+/7lNb6fWA78AjwMPA3cLO9ROSmUuqa53lHy+XyIg5WLBZX1uv1/SKyRin1BBBfDwF/AX8CZ5XWeg540sHvNmPM1w44tNZbga8csL9aAvMthln4M77v7yqVSpGDU8bHx/MLCwtfADu64OctgQXg0QxgT4e3/TiSuGsJ/AE8nkZARA6EYXjE5eadGK3168AHGXtvWQJXgaczQE0ReT4Mw4u9kNBajwHfAYWMfT9aApeA8S7Oa8CzxpifXEgMDQ2tyefzBujvgi9ZAl8CLzg4nvU8b7RcLt/Owg4ODq7o6+u7DDzj4PO0CoLgmFJqXwt8BrCbD6eE7pLv+89l/Qat9Qng5YTDm8BBwKZm6XeIyIc2Am8C7wHLr72VP0umM4SNfD6/tlKp/J50O611H3ADsGITtztKqZ3VavXbjt/xlmqp1oTv++fiN2vl8Ww8lCLyaRiGSbdbPiwIguNKqb2x039uNptbpqenf+n4ops9z7uoHPL5EbBbRD4rFApvVyoVK1ypNjo62h9F0bvAi0AJ2GmMsY840TIJtHfY0GY5SfJsiQwMDNyampqyuU81JwIOr/k/Qx4QeBCB/38ErHItLi6uTlO/tOfv+nUzI1AsFh+r1+tWksdE5PNCoXDIRYgajcY7SqmXgFO1Wu212dnZf1KFKE2KtdbrgW+AwfZmEfk4DMNXsz691voT4JUY5koURdtnZmauJUpxUjEKgmBCKWXLtC0ucbMd8+o0VWzJ8G/Aio59Vr53GGO+v6cYdZZjEflBKWVb9VzCTU8aY/akRWBycjI3Nzd3HphIwDRa5XhDZzl2bUiu1Gq1DVn5tIe2SnIFeMpBn0+7tmTzURTpeB6znA8PD6/L5XKWxKouJJZasm5NqQ3dRps/hxstQ0ZGRjaJyIWUVLZxS01pZlsOvGGMOdbL4bEyvh/IaumX2vL7Ppjc99HMaThVSk1Wq1Wril2t1+HUZTy/Dhw1xtixuqv1Mp7/C9eAi3Z6kx7eAAAAAElFTkSuQmCC&logolink=https%3A%2F%2Fbcc.maps.arcgis.com%2Fapps%2FEmbed%2Findex.html%3Fwebmap%3D34d4096ad1bd44459ec928dbee17a411%26feature%3Dmoving_home_5779%3BOBJECTID%3B2594%26level%3D7%26scale%3Dfalse%26disable_scroll%3Dfalse%26logoimage%3Dhttps%3A%2F%2Fwww2.bristol.gov.uk%2Fsites%2Fall%2Fthemes%2Fbcclite%2Fimages%2Fbcc_logo_roundel.png";;https://www.bristol.gov.uk/libraries-archives/library-finder/-/journal_content/56/20195/LIBRARY-UPRN-000000136944;"{""type"": ""Point"", ""coordinates"": [-2.602312330136554, 51.433704015204746]}";51.4337040152,-2.60231233014
2608;Wick Road Library;;Wick Road Library;Wick Road;Brislington;Bristol;BS4 4HE;000000126038;0117 9038557;wickrd.library@bristol.gov.uk;361752;171289;Wick Road Library, Wick Road, Bristol, BS4 4HE.;361752;171289;"https://bcc.maps.arcgis.com/apps/Embed/index.html?webmap=34d4096ad1bd44459ec928dbee17a411&feature=moving_home_5779;OBJECTID;2608&center=0,0&level=7&scale=false&disable_scroll=false&logoimage=data:image/png;base64,iVBORw0KGgoAAAANSUhEUgAAACAAAAAgCAYAAABzenr0AAADV0lEQVRYR+2XUYhUVRjHf4eZuWZ1WYxoBWEhWUl62eWepW1gkUWwfUhBxU1EqIcMgywRX8qXiB56SdAssNAgQiJXLEgRCXKQYhiZc9l9MIqWjSDFNVGGtbZm7vDFWWaWy3jvnTO92IMfnLf/+c7/fN85/+/7lNb6fWA78AjwMPA3cLO9ROSmUuqa53lHy+XyIg5WLBZX1uv1/SKyRin1BBBfDwF/AX8CZ5XWeg540sHvNmPM1w44tNZbga8csL9aAvMthln4M77v7yqVSpGDU8bHx/MLCwtfADu64OctgQXg0QxgT4e3/TiSuGsJ/AE8nkZARA6EYXjE5eadGK3168AHGXtvWQJXgaczQE0ReT4Mw4u9kNBajwHfAYWMfT9aApeA8S7Oa8CzxpifXEgMDQ2tyefzBujvgi9ZAl8CLzg4nvU8b7RcLt/Owg4ODq7o6+u7DDzj4PO0CoLgmFJqXwt8BrCbD6eE7pLv+89l/Qat9Qng5YTDm8BBwKZm6XeIyIc2Am8C7wHLr72VP0umM4SNfD6/tlKp/J50O611H3ADsGITtztKqZ3VavXbjt/xlmqp1oTv++fiN2vl8Ww8lCLyaRiGSbdbPiwIguNKqb2x039uNptbpqenf+n4ops9z7uoHPL5EbBbRD4rFApvVyoVK1ypNjo62h9F0bvAi0AJ2GmMsY840TIJtHfY0GY5SfJsiQwMDNyampqyuU81JwIOr/k/Qx4QeBCB/38ErHItLi6uTlO/tOfv+nUzI1AsFh+r1+tWksdE5PNCoXDIRYgajcY7SqmXgFO1Wu212dnZf1KFKE2KtdbrgW+AwfZmEfk4DMNXsz691voT4JUY5koURdtnZmauJUpxUjEKgmBCKWXLtC0ucbMd8+o0VWzJ8G/Aio59Vr53GGO+v6cYdZZjEflBKWVb9VzCTU8aY/akRWBycjI3Nzd3HphIwDRa5XhDZzl2bUiu1Gq1DVn5tIe2SnIFeMpBn0+7tmTzURTpeB6znA8PD6/L5XKWxKouJJZasm5NqQ3dRps/hxstQ0ZGRjaJyIWUVLZxS01pZlsOvGGMOdbL4bEyvh/IaumX2vL7Ppjc99HMaThVSk1Wq1Wril2t1+HUZTy/Dhw1xtixuqv1Mp7/C9eAi3Z6kx7eAAAAAElFTkSuQmCC&logolink=https%3A%2F%2Fbcc.maps.arcgis.com%2Fapps%2FEmbed%2Findex.html%3Fwebmap%3D34d4096ad1bd44459ec928dbee17a411%26feature%3Dmoving_home_5779%3BOBJECTID%3B2608%26level%3D7%26scale%3Dfalse%26disable_scroll%3Dfalse%26logoimage%3Dhttps%3A%2F%2Fwww2.bristol.gov.uk%2Fsites%2Fall%2Fthemes%2Fbcclite%2Fimages%2Fbcc_logo_roundel.png";;https://www.bristol.gov.uk/libraries-archives/library-finder/-/journal_content/56/20195/LIBRARY-UPRN-000000126038;"{""type"": ""Point"", ""coordinates"": [-2.5516685981916902, 51.43929407016694]}";51.4392940702,-2.55166859819
2616;Sea Mills Library;;Sea Mills Library;Sylvan Way;Sea Mills;Bristol;BS9 2NA;000000023541;0117 9038555;seamills.library@bristol.gov.uk;355020;177143;Sea Mills Library, Sylvan Way, Bristol, BS9 2NA.;355020;177143;"https://bcc.maps.arcgis.com/apps/Embed/index.html?webmap=34d4096ad1bd44459ec928dbee17a411&feature=moving_home_5779;OBJECTID;2616&center=0,0&level=7&scale=false&disable_scroll=false&logoimage=data:image/png;base64,iVBORw0KGgoAAAANSUhEUgAAACAAAAAgCAYAAABzenr0AAADV0lEQVRYR+2XUYhUVRjHf4eZuWZ1WYxoBWEhWUl62eWepW1gkUWwfUhBxU1EqIcMgywRX8qXiB56SdAssNAgQiJXLEgRCXKQYhiZc9l9MIqWjSDFNVGGtbZm7vDFWWaWy3jvnTO92IMfnLf/+c7/fN85/+/7lNb6fWA78AjwMPA3cLO9ROSmUuqa53lHy+XyIg5WLBZX1uv1/SKyRin1BBBfDwF/AX8CZ5XWeg540sHvNmPM1w44tNZbga8csL9aAvMthln4M77v7yqVSpGDU8bHx/MLCwtfADu64OctgQXg0QxgT4e3/TiSuGsJ/AE8nkZARA6EYXjE5eadGK3168AHGXtvWQJXgaczQE0ReT4Mw4u9kNBajwHfAYWMfT9aApeA8S7Oa8CzxpifXEgMDQ2tyefzBujvgi9ZAl8CLzg4nvU8b7RcLt/Owg4ODq7o6+u7DDzj4PO0CoLgmFJqXwt8BrCbD6eE7pLv+89l/Qat9Qng5YTDm8BBwKZm6XeIyIc2Am8C7wHLr72VP0umM4SNfD6/tlKp/J50O611H3ADsGITtztKqZ3VavXbjt/xlmqp1oTv++fiN2vl8Ww8lCLyaRiGSbdbPiwIguNKqb2x039uNptbpqenf+n4ops9z7uoHPL5EbBbRD4rFApvVyoVK1ypNjo62h9F0bvAi0AJ2GmMsY840TIJtHfY0GY5SfJsiQwMDNyampqyuU81JwIOr/k/Qx4QeBCB/38ErHItLi6uTlO/tOfv+nUzI1AsFh+r1+tWksdE5PNCoXDIRYgajcY7SqmXgFO1Wu212dnZf1KFKE2KtdbrgW+AwfZmEfk4DMNXsz691voT4JUY5koURdtnZmauJUpxUjEKgmBCKWXLtC0ucbMd8+o0VWzJ8G/Aio59Vr53GGO+v6cYdZZjEflBKWVb9VzCTU8aY/akRWBycjI3Nzd3HphIwDRa5XhDZzl2bUiu1Gq1DVn5tIe2SnIFeMpBn0+7tmTzURTpeB6znA8PD6/L5XKWxKouJJZasm5NqQ3dRps/hxstQ0ZGRjaJyIWUVLZxS01pZlsOvGGMOdbL4bEyvh/IaumX2vL7Ppjc99HMaThVSk1Wq1Wril2t1+HUZTy/Dhw1xtixuqv1Mp7/C9eAi3Z6kx7eAAAAAElFTkSuQmCC&logolink=https%3A%2F%2Fbcc.maps.arcgis.com%2Fapps%2FEmbed%2Findex.html%3Fwebmap%3D34d4096ad1bd44459ec928dbee17a411%26feature%3Dmoving_home_5779%3BOBJECTID%3B2616%26level%3D7%26scale%3Dfalse%26disable_scroll%3Dfalse%26logoimage%3Dhttps%3A%2F%2Fwww2.bristol.gov.uk%2Fsites%2Fall%2Fthemes%2Fbcclite%2Fimages%2Fbcc_logo_roundel.png";;https://www.bristol.gov.uk/libraries-archives/library-finder/-/journal_content/56/20195/LIBRARY-UPRN-000000023541;"{""type"": ""Point"", ""coordinates"": [-2.649265578833246, 51.49143151416922]}";51.4914315142,-2.64926557883
2913;Lockleaze Library;;The Cameron Centre;Cameron Walk;Lockleaze;Bristol;BS7 9XB;000000278728;07342031887;;361101;176982;The Cameron Centre, Cameron Walk, Bristol, BS7 9XB.;361101;176982;"https://bcc.maps.arcgis.com/apps/Embed/index.html?webmap=34d4096ad1bd44459ec928dbee17a411&feature=moving_home_5779;OBJECTID;2913&center=0,0&level=7&scale=false&disable_scroll=false&logoimage=data:image/png;base64,iVBORw0KGgoAAAANSUhEUgAAACAAAAAgCAYAAABzenr0AAADV0lEQVRYR+2XUYhUVRjHf4eZuWZ1WYxoBWEhWUl62eWepW1gkUWwfUhBxU1EqIcMgywRX8qXiB56SdAssNAgQiJXLEgRCXKQYhiZc9l9MIqWjSDFNVGGtbZm7vDFWWaWy3jvnTO92IMfnLf/+c7/fN85/+/7lNb6fWA78AjwMPA3cLO9ROSmUuqa53lHy+XyIg5WLBZX1uv1/SKyRin1BBBfDwF/AX8CZ5XWeg540sHvNmPM1w44tNZbga8csL9aAvMthln4M77v7yqVSpGDU8bHx/MLCwtfADu64OctgQXg0QxgT4e3/TiSuGsJ/AE8nkZARA6EYXjE5eadGK3168AHGXtvWQJXgaczQE0ReT4Mw4u9kNBajwHfAYWMfT9aApeA8S7Oa8CzxpifXEgMDQ2tyefzBujvgi9ZAl8CLzg4nvU8b7RcLt/Owg4ODq7o6+u7DDzj4PO0CoLgmFJqXwt8BrCbD6eE7pLv+89l/Qat9Qng5YTDm8BBwKZm6XeIyIc2Am8C7wHLr72VP0umM4SNfD6/tlKp/J50O611H3ADsGITtztKqZ3VavXbjt/xlmqp1oTv++fiN2vl8Ww8lCLyaRiGSbdbPiwIguNKqb2x039uNptbpqenf+n4ops9z7uoHPL5EbBbRD4rFApvVyoVK1ypNjo62h9F0bvAi0AJ2GmMsY840TIJtHfY0GY5SfJsiQwMDNyampqyuU81JwIOr/k/Qx4QeBCB/38ErHItLi6uTlO/tOfv+nUzI1AsFh+r1+tWksdE5PNCoXDIRYgajcY7SqmXgFO1Wu212dnZf1KFKE2KtdbrgW+AwfZmEfk4DMNXsz691voT4JUY5koURdtnZmauJUpxUjEKgmBCKWXLtC0ucbMd8+o0VWzJ8G/Aio59Vr53GGO+v6cYdZZjEflBKWVb9VzCTU8aY/akRWBycjI3Nzd3HphIwDRa5XhDZzl2bUiu1Gq1DVn5tIe2SnIFeMpBn0+7tmTzURTpeB6znA8PD6/L5XKWxKouJJZasm5NqQ3dRps/hxstQ0ZGRjaJyIWUVLZxS01pZlsOvGGMOdbL4bEyvh/IaumX2vL7Ppjc99HMaThVSk1Wq1Wril2t1+HUZTy/Dhw1xtixuqv1Mp7/C9eAi3Z6kx7eAAAAAElFTkSuQmCC&logolink=https%3A%2F%2Fbcc.maps.arcgis.com%2Fapps%2FEmbed%2Findex.html%3Fwebmap%3D34d4096ad1bd44459ec928dbee17a411%26feature%3Dmoving_home_5779%3BOBJECTID%3B2913%26level%3D7%26scale%3Dfalse%26disable_scroll%3Dfalse%26logoimage%3Dhttps%3A%2F%2Fwww2.bristol.gov.uk%2Fsites%2Fall%2Fthemes%2Fbcclite%2Fimages%2Fbcc_logo_roundel.png";;https://www.bristol.gov.uk/libraries-archives/library-finder/-/journal_content/56/20195/LIBRARY-UPRN-000000278728;"{""type"": ""Point"", ""coordinates"": [-2.561662439042901, 51.49043622961122]}";51.4904362296,-2.56166243904
2593;Avonmouth Library;;Avonmouth Library;Avonmouth Road;Avonmouth;Bristol;BS11 9EN;000000010908;0117 9038580;avonmouth.library@bristol.gov.uk;351616;178138;Avonmouth Library, Avonmouth Road, Bristol, BS11 9EN.;351616;178138;"https://bcc.maps.arcgis.com/apps/Embed/index.html?webmap=34d4096ad1bd44459ec928dbee17a411&feature=moving_home_5779;OBJECTID;2593&center=0,0&level=7&scale=false&disable_scroll=false&logoimage=data:image/png;base64,iVBORw0KGgoAAAANSUhEUgAAACAAAAAgCAYAAABzenr0AAADV0lEQVRYR+2XUYhUVRjHf4eZuWZ1WYxoBWEhWUl62eWepW1gkUWwfUhBxU1EqIcMgywRX8qXiB56SdAssNAgQiJXLEgRCXKQYhiZc9l9MIqWjSDFNVGGtbZm7vDFWWaWy3jvnTO92IMfnLf/+c7/fN85/+/7lNb6fWA78AjwMPA3cLO9ROSmUuqa53lHy+XyIg5WLBZX1uv1/SKyRin1BBBfDwF/AX8CZ5XWeg540sHvNmPM1w44tNZbga8csL9aAvMthln4M77v7yqVSpGDU8bHx/MLCwtfADu64OctgQXg0QxgT4e3/TiSuGsJ/AE8nkZARA6EYXjE5eadGK3168AHGXtvWQJXgaczQE0ReT4Mw4u9kNBajwHfAYWMfT9aApeA8S7Oa8CzxpifXEgMDQ2tyefzBujvgi9ZAl8CLzg4nvU8b7RcLt/Owg4ODq7o6+u7DDzj4PO0CoLgmFJqXwt8BrCbD6eE7pLv+89l/Qat9Qng5YTDm8BBwKZm6XeIyIc2Am8C7wHLr72VP0umM4SNfD6/tlKp/J50O611H3ADsGITtztKqZ3VavXbjt/xlmqp1oTv++fiN2vl8Ww8lCLyaRiGSbdbPiwIguNKqb2x039uNptbpqenf+n4ops9z7uoHPL5EbBbRD4rFApvVyoVK1ypNjo62h9F0bvAi0AJ2GmMsY840TIJtHfY0GY5SfJsiQwMDNyampqyuU81JwIOr/k/Qx4QeBCB/38ErHItLi6uTlO/tOfv+nUzI1AsFh+r1+tWksdE5PNCoXDIRYgajcY7SqmXgFO1Wu212dnZf1KFKE2KtdbrgW+AwfZmEfk4DMNXsz691voT4JUY5koURdtnZmauJUpxUjEKgmBCKWXLtC0ucbMd8+o0VWzJ8G/Aio59Vr53GGO+v6cYdZZjEflBKWVb9VzCTU8aY/akRWBycjI3Nzd3HphIwDRa5XhDZzl2bUiu1Gq1DVn5tIe2SnIFeMpBn0+7tmTzURTpeB6znA8PD6/L5XKWxKouJJZasm5NqQ3dRps/hxstQ0ZGRjaJyIWUVLZxS01pZlsOvGGMOdbL4bEyvh/IaumX2vL7Ppjc99HMaThVSk1Wq1Wril2t1+HUZTy/Dhw1xtixuqv1Mp7/C9eAi3Z6kx7eAAAAAElFTkSuQmCC&logolink=https%3A%2F%2Fbcc.maps.arcgis.com%2Fapps%2FEmbed%2Findex.html%3Fwebmap%3D34d4096ad1bd44459ec928dbee17a411%26feature%3Dmoving_home_5779%3BOBJECTID%3B2593%26level%3D7%26scale%3Dfalse%26disable_scroll%3Dfalse%26logoimage%3Dhttps%3A%2F%2Fwww2.bristol.gov.uk%2Fsites%2Fall%2Fthemes%2Fbcclite%2Fimages%2Fbcc_logo_roundel.png";;https://www.bristol.gov.uk/libraries-archives/library-finder/-/journal_content/56/20195/LIBRARY-UPRN-000000010908;"{""type"": ""Point"", ""coordinates"": [-2.698428685705901, 51.50009514195948]}";51.500095142,-2.69842868571
2613;Henleaze Library;;Henleaze Library;Northumbria Drive;Henleaze;Bristol;BS9 4HP;000000260189;0117 9038541;henleaze.library@bristol.gov.uk;357612;175941;Henleaze Library, Northumbria Drive, Bristol, BS9 4HP.;357613;175935;"https://bcc.maps.arcgis.com/apps/Embed/index.html?webmap=34d4096ad1bd44459ec928dbee17a411&feature=moving_home_5779;OBJECTID;2613&center=0,0&level=7&scale=false&disable_scroll=false&logoimage=data:image/png;base64,iVBORw0KGgoAAAANSUhEUgAAACAAAAAgCAYAAABzenr0AAADV0lEQVRYR+2XUYhUVRjHf4eZuWZ1WYxoBWEhWUl62eWepW1gkUWwfUhBxU1EqIcMgywRX8qXiB56SdAssNAgQiJXLEgRCXKQYhiZc9l9MIqWjSDFNVGGtbZm7vDFWWaWy3jvnTO92IMfnLf/+c7/fN85/+/7lNb6fWA78AjwMPA3cLO9ROSmUuqa53lHy+XyIg5WLBZX1uv1/SKyRin1BBBfDwF/AX8CZ5XWeg540sHvNmPM1w44tNZbga8csL9aAvMthln4M77v7yqVSpGDU8bHx/MLCwtfADu64OctgQXg0QxgT4e3/TiSuGsJ/AE8nkZARA6EYXjE5eadGK3168AHGXtvWQJXgaczQE0ReT4Mw4u9kNBajwHfAYWMfT9aApeA8S7Oa8CzxpifXEgMDQ2tyefzBujvgi9ZAl8CLzg4nvU8b7RcLt/Owg4ODq7o6+u7DDzj4PO0CoLgmFJqXwt8BrCbD6eE7pLv+89l/Qat9Qng5YTDm8BBwKZm6XeIyIc2Am8C7wHLr72VP0umM4SNfD6/tlKp/J50O611H3ADsGITtztKqZ3VavXbjt/xlmqp1oTv++fiN2vl8Ww8lCLyaRiGSbdbPiwIguNKqb2x039uNptbpqenf+n4ops9z7uoHPL5EbBbRD4rFApvVyoVK1ypNjo62h9F0bvAi0AJ2GmMsY840TIJtHfY0GY5SfJsiQwMDNyampqyuU81JwIOr/k/Qx4QeBCB/38ErHItLi6uTlO/tOfv+nUzI1AsFh+r1+tWksdE5PNCoXDIRYgajcY7SqmXgFO1Wu212dnZf1KFKE2KtdbrgW+AwfZmEfk4DMNXsz691voT4JUY5koURdtnZmauJUpxUjEKgmBCKWXLtC0ucbMd8+o0VWzJ8G/Aio59Vr53GGO+v6cYdZZjEflBKWVb9VzCTU8aY/akRWBycjI3Nzd3HphIwDRa5XhDZzl2bUiu1Gq1DVn5tIe2SnIFeMpBn0+7tmTzURTpeB6znA8PD6/L5XKWxKouJJZasm5NqQ3dRps/hxstQ0ZGRjaJyIWUVLZxS01pZlsOvGGMOdbL4bEyvh/IaumX2vL7Ppjc99HMaThVSk1Wq1Wril2t1+HUZTy/Dhw1xtixuqv1Mp7/C9eAi3Z6kx7eAAAAAElFTkSuQmCC&logolink=https%3A%2F%2Fbcc.maps.arcgis.com%2Fapps%2FEmbed%2Findex.html%3Fwebmap%3D34d4096ad1bd44459ec928dbee17a411%26feature%3Dmoving_home_5779%3BOBJECTID%3B2613%26level%3D7%26scale%3Dfalse%26disable_scroll%3Dfalse%26logoimage%3Dhttps%3A%2F%2Fwww2.bristol.gov.uk%2Fsites%2Fall%2Fthemes%2Fbcclite%2Fimages%2Fbcc_logo_roundel.png";0117 9038541;https://www.bristol.gov.uk/libraries-archives/library-finder/-/journal_content/56/20195/LIBRARY-UPRN-000000260189;"{""type"": ""Point"", ""coordinates"": [-2.611767616413434, 51.48076743138317]}";51.4807674314,-2.61176761641
2595;Shirehampton Library;;Shirehampton Library;Station Road;Shirehampton;Bristol;BS11 9TU;000000258098;0117 9038570;shirehampton.library@bristol.gov.uk;353201;176657;Shirehampton Library, Station Road, Shirehampton, Bristol, BS11 9TU.;353201;176657;"https://bcc.maps.arcgis.com/apps/Embed/index.html?webmap=34d4096ad1bd44459ec928dbee17a411&feature=moving_home_5779;OBJECTID;2595&center=0,0&level=7&scale=false&disable_scroll=false&logoimage=data:image/png;base64,iVBORw0KGgoAAAANSUhEUgAAACAAAAAgCAYAAABzenr0AAADV0lEQVRYR+2XUYhUVRjHf4eZuWZ1WYxoBWEhWUl62eWepW1gkUWwfUhBxU1EqIcMgywRX8qXiB56SdAssNAgQiJXLEgRCXKQYhiZc9l9MIqWjSDFNVGGtbZm7vDFWWaWy3jvnTO92IMfnLf/+c7/fN85/+/7lNb6fWA78AjwMPA3cLO9ROSmUuqa53lHy+XyIg5WLBZX1uv1/SKyRin1BBBfDwF/AX8CZ5XWeg540sHvNmPM1w44tNZbga8csL9aAvMthln4M77v7yqVSpGDU8bHx/MLCwtfADu64OctgQXg0QxgT4e3/TiSuGsJ/AE8nkZARA6EYXjE5eadGK3168AHGXtvWQJXgaczQE0ReT4Mw4u9kNBajwHfAYWMfT9aApeA8S7Oa8CzxpifXEgMDQ2tyefzBujvgi9ZAl8CLzg4nvU8b7RcLt/Owg4ODq7o6+u7DDzj4PO0CoLgmFJqXwt8BrCbD6eE7pLv+89l/Qat9Qng5YTDm8BBwKZm6XeIyIc2Am8C7wHLr72VP0umM4SNfD6/tlKp/J50O611H3ADsGITtztKqZ3VavXbjt/xlmqp1oTv++fiN2vl8Ww8lCLyaRiGSbdbPiwIguNKqb2x039uNptbpqenf+n4ops9z7uoHPL5EbBbRD4rFApvVyoVK1ypNjo62h9F0bvAi0AJ2GmMsY840TIJtHfY0GY5SfJsiQwMDNyampqyuU81JwIOr/k/Qx4QeBCB/38ErHItLi6uTlO/tOfv+nUzI1AsFh+r1+tWksdE5PNCoXDIRYgajcY7SqmXgFO1Wu212dnZf1KFKE2KtdbrgW+AwfZmEfk4DMNXsz691voT4JUY5koURdtnZmauJUpxUjEKgmBCKWXLtC0ucbMd8+o0VWzJ8G/Aio59Vr53GGO+v6cYdZZjEflBKWVb9VzCTU8aY/akRWBycjI3Nzd3HphIwDRa5XhDZzl2bUiu1Gq1DVn5tIe2SnIFeMpBn0+7tmTzURTpeB6znA8PD6/L5XKWxKouJJZasm5NqQ3dRps/hxstQ0ZGRjaJyIWUVLZxS01pZlsOvGGMOdbL4bEyvh/IaumX2vL7Ppjc99HMaThVSk1Wq1Wril2t1+HUZTy/Dhw1xtixuqv1Mp7/C9eAi3Z6kx7eAAAAAElFTkSuQmCC&logolink=https%3A%2F%2Fbcc.maps.arcgis.com%2Fapps%2FEmbed%2Findex.html%3Fwebmap%3D34d4096ad1bd44459ec928dbee17a411%26feature%3Dmoving_home_5779%3BOBJECTID%3B2595%26level%3D7%26scale%3Dfalse%26disable_scroll%3Dfalse%26logoimage%3Dhttps%3A%2F%2Fwww2.bristol.gov.uk%2Fsites%2Fall%2Fthemes%2Fbcclite%2Fimages%2Fbcc_logo_roundel.png";;https://www.bristol.gov.uk/libraries-archives/library-finder/-/journal_content/56/20195/LIBRARY-UPRN-000000258098;"{""type"": ""Point"", ""coordinates"": [-2.675398861031296, 51.48691393417443]}";51.4869139342,-2.67539886103
3553;Bishopston Library;;Bishopston Library;Gloucester Road;Bishopston;Bristol;BS7 8BN;000000055040;0117 3576220;bishopston.library@bristol.gov.uk;359004;175267;Bristol North Baths, Gloucester Road, Bishopston, Bristol, BS7 8BN.;359004;175267;"https://bcc.maps.arcgis.com/apps/Embed/index.html?webmap=34d4096ad1bd44459ec928dbee17a411&feature=moving_home_5779;OBJECTID;3553&center=0,0&level=7&scale=false&disable_scroll=false&logoimage=data:image/png;base64,iVBORw0KGgoAAAANSUhEUgAAACAAAAAgCAYAAABzenr0AAADV0lEQVRYR+2XUYhUVRjHf4eZuWZ1WYxoBWEhWUl62eWepW1gkUWwfUhBxU1EqIcMgywRX8qXiB56SdAssNAgQiJXLEgRCXKQYhiZc9l9MIqWjSDFNVGGtbZm7vDFWWaWy3jvnTO92IMfnLf/+c7/fN85/+/7lNb6fWA78AjwMPA3cLO9ROSmUuqa53lHy+XyIg5WLBZX1uv1/SKyRin1BBBfDwF/AX8CZ5XWeg540sHvNmPM1w44tNZbga8csL9aAvMthln4M77v7yqVSpGDU8bHx/MLCwtfADu64OctgQXg0QxgT4e3/TiSuGsJ/AE8nkZARA6EYXjE5eadGK3168AHGXtvWQJXgaczQE0ReT4Mw4u9kNBajwHfAYWMfT9aApeA8S7Oa8CzxpifXEgMDQ2tyefzBujvgi9ZAl8CLzg4nvU8b7RcLt/Owg4ODq7o6+u7DDzj4PO0CoLgmFJqXwt8BrCbD6eE7pLv+89l/Qat9Qng5YTDm8BBwKZm6XeIyIc2Am8C7wHLr72VP0umM4SNfD6/tlKp/J50O611H3ADsGITtztKqZ3VavXbjt/xlmqp1oTv++fiN2vl8Ww8lCLyaRiGSbdbPiwIguNKqb2x039uNptbpqenf+n4ops9z7uoHPL5EbBbRD4rFApvVyoVK1ypNjo62h9F0bvAi0AJ2GmMsY840TIJtHfY0GY5SfJsiQwMDNyampqyuU81JwIOr/k/Qx4QeBCB/38ErHItLi6uTlO/tOfv+nUzI1AsFh+r1+tWksdE5PNCoXDIRYgajcY7SqmXgFO1Wu212dnZf1KFKE2KtdbrgW+AwfZmEfk4DMNXsz691voT4JUY5koURdtnZmauJUpxUjEKgmBCKWXLtC0ucbMd8+o0VWzJ8G/Aio59Vr53GGO+v6cYdZZjEflBKWVb9VzCTU8aY/akRWBycjI3Nzd3HphIwDRa5XhDZzl2bUiu1Gq1DVn5tIe2SnIFeMpBn0+7tmTzURTpeB6znA8PD6/L5XKWxKouJJZasm5NqQ3dRps/hxstQ0ZGRjaJyIWUVLZxS01pZlsOvGGMOdbL4bEyvh/IaumX2vL7Ppjc99HMaThVSk1Wq1Wril2t1+HUZTy/Dhw1xtixuqv1Mp7/C9eAi3Z6kx7eAAAAAElFTkSuQmCC&logolink=https%3A%2F%2Fbcc.maps.arcgis.com%2Fapps%2FEmbed%2Findex.html%3Fwebmap%3D34d4096ad1bd44459ec928dbee17a411%26feature%3Dmoving_home_5779%3BOBJECTID%3B3553%26level%3D7%26scale%3Dfalse%26disable_scroll%3Dfalse%26logoimage%3Dhttps%3A%2F%2Fwww2.bristol.gov.uk%2Fsites%2Fall%2Fthemes%2Fbcclite%2Fimages%2Fbcc_logo_roundel.png";;https://www.bristol.gov.uk/libraries-archives/library-finder/-/journal_content/56/20195/LIBRARY-UPRN-000000055040;"{""type"": ""Point"", ""coordinates"": [-2.5916633921364642, 51.47486751894263]}";51.4748675189,-2.59166339214
2601;Junction 3 Library;Baptist Mills;Junction 3 Library;Baptist Mills Court;Easton;Bristol;BS5 0FJ;000000348167;0117 9223001;junction3@bristol.gov.uk;360311;174249;Junction 3 Library, Baptist Mills Court, Bristol, BS5 0FJ.;360311;174249;"https://bcc.maps.arcgis.com/apps/Embed/index.html?webmap=34d4096ad1bd44459ec928dbee17a411&feature=moving_home_5779;OBJECTID;2601&center=0,0&level=7&scale=false&disable_scroll=false&logoimage=data:image/png;base64,iVBORw0KGgoAAAANSUhEUgAAACAAAAAgCAYAAABzenr0AAADV0lEQVRYR+2XUYhUVRjHf4eZuWZ1WYxoBWEhWUl62eWepW1gkUWwfUhBxU1EqIcMgywRX8qXiB56SdAssNAgQiJXLEgRCXKQYhiZc9l9MIqWjSDFNVGGtbZm7vDFWWaWy3jvnTO92IMfnLf/+c7/fN85/+/7lNb6fWA78AjwMPA3cLO9ROSmUuqa53lHy+XyIg5WLBZX1uv1/SKyRin1BBBfDwF/AX8CZ5XWeg540sHvNmPM1w44tNZbga8csL9aAvMthln4M77v7yqVSpGDU8bHx/MLCwtfADu64OctgQXg0QxgT4e3/TiSuGsJ/AE8nkZARA6EYXjE5eadGK3168AHGXtvWQJXgaczQE0ReT4Mw4u9kNBajwHfAYWMfT9aApeA8S7Oa8CzxpifXEgMDQ2tyefzBujvgi9ZAl8CLzg4nvU8b7RcLt/Owg4ODq7o6+u7DDzj4PO0CoLgmFJqXwt8BrCbD6eE7pLv+89l/Qat9Qng5YTDm8BBwKZm6XeIyIc2Am8C7wHLr72VP0umM4SNfD6/tlKp/J50O611H3ADsGITtztKqZ3VavXbjt/xlmqp1oTv++fiN2vl8Ww8lCLyaRiGSbdbPiwIguNKqb2x039uNptbpqenf+n4ops9z7uoHPL5EbBbRD4rFApvVyoVK1ypNjo62h9F0bvAi0AJ2GmMsY840TIJtHfY0GY5SfJsiQwMDNyampqyuU81JwIOr/k/Qx4QeBCB/38ErHItLi6uTlO/tOfv+nUzI1AsFh+r1+tWksdE5PNCoXDIRYgajcY7SqmXgFO1Wu212dnZf1KFKE2KtdbrgW+AwfZmEfk4DMNXsz691voT4JUY5koURdtnZmauJUpxUjEKgmBCKWXLtC0ucbMd8+o0VWzJ8G/Aio59Vr53GGO+v6cYdZZjEflBKWVb9VzCTU8aY/akRWBycjI3Nzd3HphIwDRa5XhDZzl2bUiu1Gq1DVn5tIe2SnIFeMpBn0+7tmTzURTpeB6znA8PD6/L5XKWxKouJJZasm5NqQ3dRps/hxstQ0ZGRjaJyIWUVLZxS01pZlsOvGGMOdbL4bEyvh/IaumX2vL7Ppjc99HMaThVSk1Wq1Wril2t1+HUZTy/Dhw1xtixuqv1Mp7/C9eAi3Z6kx7eAAAAAElFTkSuQmCC&logolink=https%3A%2F%2Fbcc.maps.arcgis.com%2Fapps%2FEmbed%2Findex.html%3Fwebmap%3D34d4096ad1bd44459ec928dbee17a411%26feature%3Dmoving_home_5779%3BOBJECTID%3B2601%26level%3D7%26scale%3Dfalse%26disable_scroll%3Dfalse%26logoimage%3Dhttps%3A%2F%2Fwww2.bristol.gov.uk%2Fsites%2Fall%2Fthemes%2Fbcclite%2Fimages%2Fbcc_logo_roundel.png";;https://www.bristol.gov.uk/libraries-archives/library-finder/-/journal_content/56/20195/LIBRARY-UPRN-000000348167;"{""type"": ""Point"", ""coordinates"": [-2.572739606498049, 51.465812245844646]}";51.4658122458,-2.5727396065
2605;Filwood Library;;Filwood Library;Filwood Broadway;Knowle;Bristol;BS4 1JN;000000147115;0117 9038581;filwood.library@bristol.gov.uk;359364;169562;Filwood Library, Filwood Broadway, Bristol, BS4 1JN.;359364;169562;"https://bcc.maps.arcgis.com/apps/Embed/index.html?webmap=34d4096ad1bd44459ec928dbee17a411&feature=moving_home_5779;OBJECTID;2605&center=0,0&level=7&scale=false&disable_scroll=false&logoimage=data:image/png;base64,iVBORw0KGgoAAAANSUhEUgAAACAAAAAgCAYAAABzenr0AAADV0lEQVRYR+2XUYhUVRjHf4eZuWZ1WYxoBWEhWUl62eWepW1gkUWwfUhBxU1EqIcMgywRX8qXiB56SdAssNAgQiJXLEgRCXKQYhiZc9l9MIqWjSDFNVGGtbZm7vDFWWaWy3jvnTO92IMfnLf/+c7/fN85/+/7lNb6fWA78AjwMPA3cLO9ROSmUuqa53lHy+XyIg5WLBZX1uv1/SKyRin1BBBfDwF/AX8CZ5XWeg540sHvNmPM1w44tNZbga8csL9aAvMthln4M77v7yqVSpGDU8bHx/MLCwtfADu64OctgQXg0QxgT4e3/TiSuGsJ/AE8nkZARA6EYXjE5eadGK3168AHGXtvWQJXgaczQE0ReT4Mw4u9kNBajwHfAYWMfT9aApeA8S7Oa8CzxpifXEgMDQ2tyefzBujvgi9ZAl8CLzg4nvU8b7RcLt/Owg4ODq7o6+u7DDzj4PO0CoLgmFJqXwt8BrCbD6eE7pLv+89l/Qat9Qng5YTDm8BBwKZm6XeIyIc2Am8C7wHLr72VP0umM4SNfD6/tlKp/J50O611H3ADsGITtztKqZ3VavXbjt/xlmqp1oTv++fiN2vl8Ww8lCLyaRiGSbdbPiwIguNKqb2x039uNptbpqenf+n4ops9z7uoHPL5EbBbRD4rFApvVyoVK1ypNjo62h9F0bvAi0AJ2GmMsY840TIJtHfY0GY5SfJsiQwMDNyampqyuU81JwIOr/k/Qx4QeBCB/38ErHItLi6uTlO/tOfv+nUzI1AsFh+r1+tWksdE5PNCoXDIRYgajcY7SqmXgFO1Wu212dnZf1KFKE2KtdbrgW+AwfZmEfk4DMNXsz691voT4JUY5koURdtnZmauJUpxUjEKgmBCKWXLtC0ucbMd8+o0VWzJ8G/Aio59Vr53GGO+v6cYdZZjEflBKWVb9VzCTU8aY/akRWBycjI3Nzd3HphIwDRa5XhDZzl2bUiu1Gq1DVn5tIe2SnIFeMpBn0+7tmTzURTpeB6znA8PD6/L5XKWxKouJJZasm5NqQ3dRps/hxstQ0ZGRjaJyIWUVLZxS01pZlsOvGGMOdbL4bEyvh/IaumX2vL7Ppjc99HMaThVSk1Wq1Wril2t1+HUZTy/Dhw1xtixuqv1Mp7/C9eAi3Z6kx7eAAAAAElFTkSuQmCC&logolink=https%3A%2F%2Fbcc.maps.arcgis.com%2Fapps%2FEmbed%2Findex.html%3Fwebmap%3D34d4096ad1bd44459ec928dbee17a411%26feature%3Dmoving_home_5779%3BOBJECTID%3B2605%26level%3D7%26scale%3Dfalse%26disable_scroll%3Dfalse%26logoimage%3Dhttps%3A%2F%2Fwww2.bristol.gov.uk%2Fsites%2Fall%2Fthemes%2Fbcclite%2Fimages%2Fbcc_logo_roundel.png";;https://www.bristol.gov.uk/libraries-archives/library-finder/-/journal_content/56/20195/LIBRARY-UPRN-000000147115;"{""type"": ""Point"", ""coordinates"": [-2.585824198349111, 51.42360006585557]}";51.4236000659,-2.58582419835
2620;Central Library;;Central Library;Deanery Road;City Centre;Bristol;BS1 5TL;000000199356;0117 9037250;bristol.library.service@bristol.gov.uk;358236;172671;Central Library, Deanery Road, Bristol, BS1 5TL.;358236;172671;"https://bcc.maps.arcgis.com/apps/Embed/index.html?webmap=34d4096ad1bd44459ec928dbee17a411&feature=moving_home_5779;OBJECTID;2620&center=0,0&level=7&scale=false&disable_scroll=false&logoimage=data:image/png;base64,iVBORw0KGgoAAAANSUhEUgAAACAAAAAgCAYAAABzenr0AAADV0lEQVRYR+2XUYhUVRjHf4eZuWZ1WYxoBWEhWUl62eWepW1gkUWwfUhBxU1EqIcMgywRX8qXiB56SdAssNAgQiJXLEgRCXKQYhiZc9l9MIqWjSDFNVGGtbZm7vDFWWaWy3jvnTO92IMfnLf/+c7/fN85/+/7lNb6fWA78AjwMPA3cLO9ROSmUuqa53lHy+XyIg5WLBZX1uv1/SKyRin1BBBfDwF/AX8CZ5XWeg540sHvNmPM1w44tNZbga8csL9aAvMthln4M77v7yqVSpGDU8bHx/MLCwtfADu64OctgQXg0QxgT4e3/TiSuGsJ/AE8nkZARA6EYXjE5eadGK3168AHGXtvWQJXgaczQE0ReT4Mw4u9kNBajwHfAYWMfT9aApeA8S7Oa8CzxpifXEgMDQ2tyefzBujvgi9ZAl8CLzg4nvU8b7RcLt/Owg4ODq7o6+u7DDzj4PO0CoLgmFJqXwt8BrCbD6eE7pLv+89l/Qat9Qng5YTDm8BBwKZm6XeIyIc2Am8C7wHLr72VP0umM4SNfD6/tlKp/J50O611H3ADsGITtztKqZ3VavXbjt/xlmqp1oTv++fiN2vl8Ww8lCLyaRiGSbdbPiwIguNKqb2x039uNptbpqenf+n4ops9z7uoHPL5EbBbRD4rFApvVyoVK1ypNjo62h9F0bvAi0AJ2GmMsY840TIJtHfY0GY5SfJsiQwMDNyampqyuU81JwIOr/k/Qx4QeBCB/38ErHItLi6uTlO/tOfv+nUzI1AsFh+r1+tWksdE5PNCoXDIRYgajcY7SqmXgFO1Wu212dnZf1KFKE2KtdbrgW+AwfZmEfk4DMNXsz691voT4JUY5koURdtnZmauJUpxUjEKgmBCKWXLtC0ucbMd8+o0VWzJ8G/Aio59Vr53GGO+v6cYdZZjEflBKWVb9VzCTU8aY/akRWBycjI3Nzd3HphIwDRa5XhDZzl2bUiu1Gq1DVn5tIe2SnIFeMpBn0+7tmTzURTpeB6znA8PD6/L5XKWxKouJJZasm5NqQ3dRps/hxstQ0ZGRjaJyIWUVLZxS01pZlsOvGGMOdbL4bEyvh/IaumX2vL7Ppjc99HMaThVSk1Wq1Wril2t1+HUZTy/Dhw1xtixuqv1Mp7/C9eAi3Z6kx7eAAAAAElFTkSuQmCC&logolink=https%3A%2F%2Fbcc.maps.arcgis.com%2Fapps%2FEmbed%2Findex.html%3Fwebmap%3D34d4096ad1bd44459ec928dbee17a411%26feature%3Dmoving_home_5779%3BOBJECTID%3B2620%26level%3D7%26scale%3Dfalse%26disable_scroll%3Dfalse%26logoimage%3Dhttps%3A%2F%2Fwww2.bristol.gov.uk%2Fsites%2Fall%2Fthemes%2Fbcclite%2Fimages%2Fbcc_logo_roundel.png";;https://www.bristol.gov.uk/libraries-archives/library-finder/-/journal_content/56/20195/LIBRARY-UPRN-000000199356;"{""type"": ""Point"", ""coordinates"": [-2.60241506775602, 51.45147058439956]}";51.4514705844,-2.60241506776
2599;Hillfields Library;;Hillfields Library;Summerleaze;Speedwell;Bristol;BS16 4HL;000000055729;0117 9038576;hillfields.library@bristol.gov.uk;364225;175198;Hillfields Library, Summerleaze, Bristol, BS16 4HL.;364226;175194;"https://bcc.maps.arcgis.com/apps/Embed/index.html?webmap=34d4096ad1bd44459ec928dbee17a411&feature=moving_home_5779;OBJECTID;2599&center=0,0&level=7&scale=false&disable_scroll=false&logoimage=data:image/png;base64,iVBORw0KGgoAAAANSUhEUgAAACAAAAAgCAYAAABzenr0AAADV0lEQVRYR+2XUYhUVRjHf4eZuWZ1WYxoBWEhWUl62eWepW1gkUWwfUhBxU1EqIcMgywRX8qXiB56SdAssNAgQiJXLEgRCXKQYhiZc9l9MIqWjSDFNVGGtbZm7vDFWWaWy3jvnTO92IMfnLf/+c7/fN85/+/7lNb6fWA78AjwMPA3cLO9ROSmUuqa53lHy+XyIg5WLBZX1uv1/SKyRin1BBBfDwF/AX8CZ5XWeg540sHvNmPM1w44tNZbga8csL9aAvMthln4M77v7yqVSpGDU8bHx/MLCwtfADu64OctgQXg0QxgT4e3/TiSuGsJ/AE8nkZARA6EYXjE5eadGK3168AHGXtvWQJXgaczQE0ReT4Mw4u9kNBajwHfAYWMfT9aApeA8S7Oa8CzxpifXEgMDQ2tyefzBujvgi9ZAl8CLzg4nvU8b7RcLt/Owg4ODq7o6+u7DDzj4PO0CoLgmFJqXwt8BrCbD6eE7pLv+89l/Qat9Qng5YTDm8BBwKZm6XeIyIc2Am8C7wHLr72VP0umM4SNfD6/tlKp/J50O611H3ADsGITtztKqZ3VavXbjt/xlmqp1oTv++fiN2vl8Ww8lCLyaRiGSbdbPiwIguNKqb2x039uNptbpqenf+n4ops9z7uoHPL5EbBbRD4rFApvVyoVK1ypNjo62h9F0bvAi0AJ2GmMsY840TIJtHfY0GY5SfJsiQwMDNyampqyuU81JwIOr/k/Qx4QeBCB/38ErHItLi6uTlO/tOfv+nUzI1AsFh+r1+tWksdE5PNCoXDIRYgajcY7SqmXgFO1Wu212dnZf1KFKE2KtdbrgW+AwfZmEfk4DMNXsz691voT4JUY5koURdtnZmauJUpxUjEKgmBCKWXLtC0ucbMd8+o0VWzJ8G/Aio59Vr53GGO+v6cYdZZjEflBKWVb9VzCTU8aY/akRWBycjI3Nzd3HphIwDRa5XhDZzl2bUiu1Gq1DVn5tIe2SnIFeMpBn0+7tmTzURTpeB6znA8PD6/L5XKWxKouJJZasm5NqQ3dRps/hxstQ0ZGRjaJyIWUVLZxS01pZlsOvGGMOdbL4bEyvh/IaumX2vL7Ppjc99HMaThVSk1Wq1Wril2t1+HUZTy/Dhw1xtixuqv1Mp7/C9eAi3Z6kx7eAAAAAElFTkSuQmCC&logolink=https%3A%2F%2Fbcc.maps.arcgis.com%2Fapps%2FEmbed%2Findex.html%3Fwebmap%3D34d4096ad1bd44459ec928dbee17a411%26feature%3Dmoving_home_5779%3BOBJECTID%3B2599%26level%3D7%26scale%3Dfalse%26disable_scroll%3Dfalse%26logoimage%3Dhttps%3A%2F%2Fwww2.bristol.gov.uk%2Fsites%2Fall%2Fthemes%2Fbcclite%2Fimages%2Fbcc_logo_roundel.png";;https://www.bristol.gov.uk/libraries-archives/library-finder/-/journal_content/56/20195/LIBRARY-UPRN-000000055729;"{""type"": ""Point"", ""coordinates"": [-2.5164778302232538, 51.4745705117783]}";51.4745705118,-2.51647783022
2615;Stockwood Library;;Stockwood Library;Stockwood Road;Stockwood;Bristol;BS14 8PL;000000159907;0117 9038546;stockwood.library@bristol.gov.uk;362048;168329;Stockwood Library, Stockwood Road, Stockwood, Bristol, BS14 8PL.;362048;168329;"https://bcc.maps.arcgis.com/apps/Embed/index.html?webmap=34d4096ad1bd44459ec928dbee17a411&feature=moving_home_5779;OBJECTID;2615&center=0,0&level=7&scale=false&disable_scroll=false&logoimage=data:image/png;base64,iVBORw0KGgoAAAANSUhEUgAAACAAAAAgCAYAAABzenr0AAADV0lEQVRYR+2XUYhUVRjHf4eZuWZ1WYxoBWEhWUl62eWepW1gkUWwfUhBxU1EqIcMgywRX8qXiB56SdAssNAgQiJXLEgRCXKQYhiZc9l9MIqWjSDFNVGGtbZm7vDFWWaWy3jvnTO92IMfnLf/+c7/fN85/+/7lNb6fWA78AjwMPA3cLO9ROSmUuqa53lHy+XyIg5WLBZX1uv1/SKyRin1BBBfDwF/AX8CZ5XWeg540sHvNmPM1w44tNZbga8csL9aAvMthln4M77v7yqVSpGDU8bHx/MLCwtfADu64OctgQXg0QxgT4e3/TiSuGsJ/AE8nkZARA6EYXjE5eadGK3168AHGXtvWQJXgaczQE0ReT4Mw4u9kNBajwHfAYWMfT9aApeA8S7Oa8CzxpifXEgMDQ2tyefzBujvgi9ZAl8CLzg4nvU8b7RcLt/Owg4ODq7o6+u7DDzj4PO0CoLgmFJqXwt8BrCbD6eE7pLv+89l/Qat9Qng5YTDm8BBwKZm6XeIyIc2Am8C7wHLr72VP0umM4SNfD6/tlKp/J50O611H3ADsGITtztKqZ3VavXbjt/xlmqp1oTv++fiN2vl8Ww8lCLyaRiGSbdbPiwIguNKqb2x039uNptbpqenf+n4ops9z7uoHPL5EbBbRD4rFApvVyoVK1ypNjo62h9F0bvAi0AJ2GmMsY840TIJtHfY0GY5SfJsiQwMDNyampqyuU81JwIOr/k/Qx4QeBCB/38ErHItLi6uTlO/tOfv+nUzI1AsFh+r1+tWksdE5PNCoXDIRYgajcY7SqmXgFO1Wu212dnZf1KFKE2KtdbrgW+AwfZmEfk4DMNXsz691voT4JUY5koURdtnZmauJUpxUjEKgmBCKWXLtC0ucbMd8+o0VWzJ8G/Aio59Vr53GGO+v6cYdZZjEflBKWVb9VzCTU8aY/akRWBycjI3Nzd3HphIwDRa5XhDZzl2bUiu1Gq1DVn5tIe2SnIFeMpBn0+7tmTzURTpeB6znA8PD6/L5XKWxKouJJZasm5NqQ3dRps/hxstQ0ZGRjaJyIWUVLZxS01pZlsOvGGMOdbL4bEyvh/IaumX2vL7Ppjc99HMaThVSk1Wq1Wril2t1+HUZTy/Dhw1xtixuqv1Mp7/C9eAi3Z6kx7eAAAAAElFTkSuQmCC&logolink=https%3A%2F%2Fbcc.maps.arcgis.com%2Fapps%2FEmbed%2Findex.html%3Fwebmap%3D34d4096ad1bd44459ec928dbee17a411%26feature%3Dmoving_home_5779%3BOBJECTID%3B2615%26level%3D7%26scale%3Dfalse%26disable_scroll%3Dfalse%26logoimage%3Dhttps%3A%2F%2Fwww2.bristol.gov.uk%2Fsites%2Fall%2Fthemes%2Fbcclite%2Fimages%2Fbcc_logo_roundel.png";;https://www.bristol.gov.uk/libraries-archives/library-finder/-/journal_content/56/20195/LIBRARY-UPRN-000000159907;"{""type"": ""Point"", ""coordinates"": [-2.547091444724535, 51.41269973348507]}";51.4126997335,-2.54709144472
2619;Westbury Library;;Westbury Library;Falcondale Road;Westbury;Bristol;BS9 3JZ;000000021923;0117 9038552;westbury.library@bristol.gov.uk;356896;177271;Westbury Library, Falcondale Road, Bristol, BS9 3JZ.;356896;177271;"https://bcc.maps.arcgis.com/apps/Embed/index.html?webmap=34d4096ad1bd44459ec928dbee17a411&feature=moving_home_5779;OBJECTID;2619&center=0,0&level=7&scale=false&disable_scroll=false&logoimage=data:image/png;base64,iVBORw0KGgoAAAANSUhEUgAAACAAAAAgCAYAAABzenr0AAADV0lEQVRYR+2XUYhUVRjHf4eZuWZ1WYxoBWEhWUl62eWepW1gkUWwfUhBxU1EqIcMgywRX8qXiB56SdAssNAgQiJXLEgRCXKQYhiZc9l9MIqWjSDFNVGGtbZm7vDFWWaWy3jvnTO92IMfnLf/+c7/fN85/+/7lNb6fWA78AjwMPA3cLO9ROSmUuqa53lHy+XyIg5WLBZX1uv1/SKyRin1BBBfDwF/AX8CZ5XWeg540sHvNmPM1w44tNZbga8csL9aAvMthln4M77v7yqVSpGDU8bHx/MLCwtfADu64OctgQXg0QxgT4e3/TiSuGsJ/AE8nkZARA6EYXjE5eadGK3168AHGXtvWQJXgaczQE0ReT4Mw4u9kNBajwHfAYWMfT9aApeA8S7Oa8CzxpifXEgMDQ2tyefzBujvgi9ZAl8CLzg4nvU8b7RcLt/Owg4ODq7o6+u7DDzj4PO0CoLgmFJqXwt8BrCbD6eE7pLv+89l/Qat9Qng5YTDm8BBwKZm6XeIyIc2Am8C7wHLr72VP0umM4SNfD6/tlKp/J50O611H3ADsGITtztKqZ3VavXbjt/xlmqp1oTv++fiN2vl8Ww8lCLyaRiGSbdbPiwIguNKqb2x039uNptbpqenf+n4ops9z7uoHPL5EbBbRD4rFApvVyoVK1ypNjo62h9F0bvAi0AJ2GmMsY840TIJtHfY0GY5SfJsiQwMDNyampqyuU81JwIOr/k/Qx4QeBCB/38ErHItLi6uTlO/tOfv+nUzI1AsFh+r1+tWksdE5PNCoXDIRYgajcY7SqmXgFO1Wu212dnZf1KFKE2KtdbrgW+AwfZmEfk4DMNXsz691voT4JUY5koURdtnZmauJUpxUjEKgmBCKWXLtC0ucbMd8+o0VWzJ8G/Aio59Vr53GGO+v6cYdZZjEflBKWVb9VzCTU8aY/akRWBycjI3Nzd3HphIwDRa5XhDZzl2bUiu1Gq1DVn5tIe2SnIFeMpBn0+7tmTzURTpeB6znA8PD6/L5XKWxKouJJZasm5NqQ3dRps/hxstQ0ZGRjaJyIWUVLZxS01pZlsOvGGMOdbL4bEyvh/IaumX2vL7Ppjc99HMaThVSk1Wq1Wril2t1+HUZTy/Dhw1xtixuqv1Mp7/C9eAi3Z6kx7eAAAAAElFTkSuQmCC&logolink=https%3A%2F%2Fbcc.maps.arcgis.com%2Fapps%2FEmbed%2Findex.html%3Fwebmap%3D34d4096ad1bd44459ec928dbee17a411%26feature%3Dmoving_home_5779%3BOBJECTID%3B2619%26level%3D7%26scale%3Dfalse%26disable_scroll%3Dfalse%26logoimage%3Dhttps%3A%2F%2Fwww2.bristol.gov.uk%2Fsites%2Fall%2Fthemes%2Fbcclite%2Fimages%2Fbcc_logo_roundel.png";;https://www.bristol.gov.uk/libraries-archives/library-finder/-/journal_content/56/20195/LIBRARY-UPRN-000000021923;"{""type"": ""Point"", ""coordinates"": [-2.622261367145067, 51.4927288815314]}";51.4927288815,-2.62226136715
2600;Clifton Library;;Clifton Library;Princess Victoria Street;Clifton;Bristol;BS8 4BX;000000103836;0117 9038572;clifton.library@bristol.gov.uk;357044;173021;Clifton Library, Princess Victoria Street, Bristol, BS8 4BX.;357041;173029;"https://bcc.maps.arcgis.com/apps/Embed/index.html?webmap=34d4096ad1bd44459ec928dbee17a411&feature=moving_home_5779;OBJECTID;2600&center=0,0&level=7&scale=false&disable_scroll=false&logoimage=data:image/png;base64,iVBORw0KGgoAAAANSUhEUgAAACAAAAAgCAYAAABzenr0AAADV0lEQVRYR+2XUYhUVRjHf4eZuWZ1WYxoBWEhWUl62eWepW1gkUWwfUhBxU1EqIcMgywRX8qXiB56SdAssNAgQiJXLEgRCXKQYhiZc9l9MIqWjSDFNVGGtbZm7vDFWWaWy3jvnTO92IMfnLf/+c7/fN85/+/7lNb6fWA78AjwMPA3cLO9ROSmUuqa53lHy+XyIg5WLBZX1uv1/SKyRin1BBBfDwF/AX8CZ5XWeg540sHvNmPM1w44tNZbga8csL9aAvMthln4M77v7yqVSpGDU8bHx/MLCwtfADu64OctgQXg0QxgT4e3/TiSuGsJ/AE8nkZARA6EYXjE5eadGK3168AHGXtvWQJXgaczQE0ReT4Mw4u9kNBajwHfAYWMfT9aApeA8S7Oa8CzxpifXEgMDQ2tyefzBujvgi9ZAl8CLzg4nvU8b7RcLt/Owg4ODq7o6+u7DDzj4PO0CoLgmFJqXwt8BrCbD6eE7pLv+89l/Qat9Qng5YTDm8BBwKZm6XeIyIc2Am8C7wHLr72VP0umM4SNfD6/tlKp/J50O611H3ADsGITtztKqZ3VavXbjt/xlmqp1oTv++fiN2vl8Ww8lCLyaRiGSbdbPiwIguNKqb2x039uNptbpqenf+n4ops9z7uoHPL5EbBbRD4rFApvVyoVK1ypNjo62h9F0bvAi0AJ2GmMsY840TIJtHfY0GY5SfJsiQwMDNyampqyuU81JwIOr/k/Qx4QeBCB/38ErHItLi6uTlO/tOfv+nUzI1AsFh+r1+tWksdE5PNCoXDIRYgajcY7SqmXgFO1Wu212dnZf1KFKE2KtdbrgW+AwfZmEfk4DMNXsz691voT4JUY5koURdtnZmauJUpxUjEKgmBCKWXLtC0ucbMd8+o0VWzJ8G/Aio59Vr53GGO+v6cYdZZjEflBKWVb9VzCTU8aY/akRWBycjI3Nzd3HphIwDRa5XhDZzl2bUiu1Gq1DVn5tIe2SnIFeMpBn0+7tmTzURTpeB6znA8PD6/L5XKWxKouJJZasm5NqQ3dRps/hxstQ0ZGRjaJyIWUVLZxS01pZlsOvGGMOdbL4bEyvh/IaumX2vL7Ppjc99HMaThVSk1Wq1Wril2t1+HUZTy/Dhw1xtixuqv1Mp7/C9eAi3Z6kx7eAAAAAElFTkSuQmCC&logolink=https%3A%2F%2Fbcc.maps.arcgis.com%2Fapps%2FEmbed%2Findex.html%3Fwebmap%3D34d4096ad1bd44459ec928dbee17a411%26feature%3Dmoving_home_5779%3BOBJECTID%3B2600%26level%3D7%26scale%3Dfalse%26disable_scroll%3Dfalse%26logoimage%3Dhttps%3A%2F%2Fwww2.bristol.gov.uk%2Fsites%2Fall%2Fthemes%2Fbcclite%2Fimages%2Fbcc_logo_roundel.png";;https://www.bristol.gov.uk/libraries-archives/library-finder/-/journal_content/56/20195/LIBRARY-UPRN-000000103836;"{""type"": ""Point"", ""coordinates"": [-2.619653696648765, 51.454596047966255]}";51.454596048,-2.61965369665
2612;Horfield Library;;Horfield Library;Filton Avenue;Horfield;Bristol;BS7 0BD;000000018539;0117 9038538;horfield.library@bristol.gov.uk;360251;177472;Horfield Library, Filton Avenue, Bristol, BS7 0BD.;360247;177466;"https://bcc.maps.arcgis.com/apps/Embed/index.html?webmap=34d4096ad1bd44459ec928dbee17a411&feature=moving_home_5779;OBJECTID;2612&center=0,0&level=7&scale=false&disable_scroll=false&logoimage=data:image/png;base64,iVBORw0KGgoAAAANSUhEUgAAACAAAAAgCAYAAABzenr0AAADV0lEQVRYR+2XUYhUVRjHf4eZuWZ1WYxoBWEhWUl62eWepW1gkUWwfUhBxU1EqIcMgywRX8qXiB56SdAssNAgQiJXLEgRCXKQYhiZc9l9MIqWjSDFNVGGtbZm7vDFWWaWy3jvnTO92IMfnLf/+c7/fN85/+/7lNb6fWA78AjwMPA3cLO9ROSmUuqa53lHy+XyIg5WLBZX1uv1/SKyRin1BBBfDwF/AX8CZ5XWeg540sHvNmPM1w44tNZbga8csL9aAvMthln4M77v7yqVSpGDU8bHx/MLCwtfADu64OctgQXg0QxgT4e3/TiSuGsJ/AE8nkZARA6EYXjE5eadGK3168AHGXtvWQJXgaczQE0ReT4Mw4u9kNBajwHfAYWMfT9aApeA8S7Oa8CzxpifXEgMDQ2tyefzBujvgi9ZAl8CLzg4nvU8b7RcLt/Owg4ODq7o6+u7DDzj4PO0CoLgmFJqXwt8BrCbD6eE7pLv+89l/Qat9Qng5YTDm8BBwKZm6XeIyIc2Am8C7wHLr72VP0umM4SNfD6/tlKp/J50O611H3ADsGITtztKqZ3VavXbjt/xlmqp1oTv++fiN2vl8Ww8lCLyaRiGSbdbPiwIguNKqb2x039uNptbpqenf+n4ops9z7uoHPL5EbBbRD4rFApvVyoVK1ypNjo62h9F0bvAi0AJ2GmMsY840TIJtHfY0GY5SfJsiQwMDNyampqyuU81JwIOr/k/Qx4QeBCB/38ErHItLi6uTlO/tOfv+nUzI1AsFh+r1+tWksdE5PNCoXDIRYgajcY7SqmXgFO1Wu212dnZf1KFKE2KtdbrgW+AwfZmEfk4DMNXsz691voT4JUY5koURdtnZmauJUpxUjEKgmBCKWXLtC0ucbMd8+o0VWzJ8G/Aio59Vr53GGO+v6cYdZZjEflBKWVb9VzCTU8aY/akRWBycjI3Nzd3HphIwDRa5XhDZzl2bUiu1Gq1DVn5tIe2SnIFeMpBn0+7tmTzURTpeB6znA8PD6/L5XKWxKouJJZasm5NqQ3dRps/hxstQ0ZGRjaJyIWUVLZxS01pZlsOvGGMOdbL4bEyvh/IaumX2vL7Ppjc99HMaThVSk1Wq1Wril2t1+HUZTy/Dhw1xtixuqv1Mp7/C9eAi3Z6kx7eAAAAAElFTkSuQmCC&logolink=https%3A%2F%2Fbcc.maps.arcgis.com%2Fapps%2FEmbed%2Findex.html%3Fwebmap%3D34d4096ad1bd44459ec928dbee17a411%26feature%3Dmoving_home_5779%3BOBJECTID%3B2612%26level%3D7%26scale%3Dfalse%26disable_scroll%3Dfalse%26logoimage%3Dhttps%3A%2F%2Fwww2.bristol.gov.uk%2Fsites%2Fall%2Fthemes%2Fbcclite%2Fimages%2Fbcc_logo_roundel.png";;https://www.bristol.gov.uk/libraries-archives/library-finder/-/journal_content/56/20195/LIBRARY-UPRN-000000018539;"{""type"": ""Point"", ""coordinates"": [-2.574015738202204, 51.49472380608459]}";51.4947238061,-2.5740157382
2607;Knowle Library;1st Floor;Broadwalk Shopping Centre;Broad Walk;Knowle;Bristol;BS4 2QU;000000303165;0117 9038585;knowle.library@bristol.gov.uk;360612;170756;Knowle Library, Broadwalk Shopping Centre, Broad Walk, Bristol, BS4 2QU.;360679;170760;"https://bcc.maps.arcgis.com/apps/Embed/index.html?webmap=34d4096ad1bd44459ec928dbee17a411&feature=moving_home_5779;OBJECTID;2607&center=0,0&level=7&scale=false&disable_scroll=false&logoimage=data:image/png;base64,iVBORw0KGgoAAAANSUhEUgAAACAAAAAgCAYAAABzenr0AAADV0lEQVRYR+2XUYhUVRjHf4eZuWZ1WYxoBWEhWUl62eWepW1gkUWwfUhBxU1EqIcMgywRX8qXiB56SdAssNAgQiJXLEgRCXKQYhiZc9l9MIqWjSDFNVGGtbZm7vDFWWaWy3jvnTO92IMfnLf/+c7/fN85/+/7lNb6fWA78AjwMPA3cLO9ROSmUuqa53lHy+XyIg5WLBZX1uv1/SKyRin1BBBfDwF/AX8CZ5XWeg540sHvNmPM1w44tNZbga8csL9aAvMthln4M77v7yqVSpGDU8bHx/MLCwtfADu64OctgQXg0QxgT4e3/TiSuGsJ/AE8nkZARA6EYXjE5eadGK3168AHGXtvWQJXgaczQE0ReT4Mw4u9kNBajwHfAYWMfT9aApeA8S7Oa8CzxpifXEgMDQ2tyefzBujvgi9ZAl8CLzg4nvU8b7RcLt/Owg4ODq7o6+u7DDzj4PO0CoLgmFJqXwt8BrCbD6eE7pLv+89l/Qat9Qng5YTDm8BBwKZm6XeIyIc2Am8C7wHLr72VP0umM4SNfD6/tlKp/J50O611H3ADsGITtztKqZ3VavXbjt/xlmqp1oTv++fiN2vl8Ww8lCLyaRiGSbdbPiwIguNKqb2x039uNptbpqenf+n4ops9z7uoHPL5EbBbRD4rFApvVyoVK1ypNjo62h9F0bvAi0AJ2GmMsY840TIJtHfY0GY5SfJsiQwMDNyampqyuU81JwIOr/k/Qx4QeBCB/38ErHItLi6uTlO/tOfv+nUzI1AsFh+r1+tWksdE5PNCoXDIRYgajcY7SqmXgFO1Wu212dnZf1KFKE2KtdbrgW+AwfZmEfk4DMNXsz691voT4JUY5koURdtnZmauJUpxUjEKgmBCKWXLtC0ucbMd8+o0VWzJ8G/Aio59Vr53GGO+v6cYdZZjEflBKWVb9VzCTU8aY/akRWBycjI3Nzd3HphIwDRa5XhDZzl2bUiu1Gq1DVn5tIe2SnIFeMpBn0+7tmTzURTpeB6znA8PD6/L5XKWxKouJJZasm5NqQ3dRps/hxstQ0ZGRjaJyIWUVLZxS01pZlsOvGGMOdbL4bEyvh/IaumX2vL7Ppjc99HMaThVSk1Wq1Wril2t1+HUZTy/Dhw1xtixuqv1Mp7/C9eAi3Z6kx7eAAAAAElFTkSuQmCC&logolink=https%3A%2F%2Fbcc.maps.arcgis.com%2Fapps%2FEmbed%2Findex.html%3Fwebmap%3D34d4096ad1bd44459ec928dbee17a411%26feature%3Dmoving_home_5779%3BOBJECTID%3B2607%26level%3D7%26scale%3Dfalse%26disable_scroll%3Dfalse%26logoimage%3Dhttps%3A%2F%2Fwww2.bristol.gov.uk%2Fsites%2Fall%2Fthemes%2Fbcclite%2Fimages%2Fbcc_logo_roundel.png";;https://www.bristol.gov.uk/libraries-archives/library-finder/-/journal_content/56/20195/LIBRARY-UPRN-000000303165;"{""type"": ""Point"", ""coordinates"": [-2.5670454165072343, 51.434460938680104]}";51.4344609387,-2.56704541651
2609;Bishopsworth Library;;Bishopsworth Library;Bishopsworth Road;Bedminster Down;Bristol;BS13 7LN;000000253118;0117 9038566;bishopsworth.library@bristol.gov.uk;357197;169065;Bishopsworth Library, Bishopsworth Road, Bristol, BS13 7LN.;357199;169071;"https://bcc.maps.arcgis.com/apps/Embed/index.html?webmap=34d4096ad1bd44459ec928dbee17a411&feature=moving_home_5779;OBJECTID;2609&center=0,0&level=7&scale=false&disable_scroll=false&logoimage=data:image/png;base64,iVBORw0KGgoAAAANSUhEUgAAACAAAAAgCAYAAABzenr0AAADV0lEQVRYR+2XUYhUVRjHf4eZuWZ1WYxoBWEhWUl62eWepW1gkUWwfUhBxU1EqIcMgywRX8qXiB56SdAssNAgQiJXLEgRCXKQYhiZc9l9MIqWjSDFNVGGtbZm7vDFWWaWy3jvnTO92IMfnLf/+c7/fN85/+/7lNb6fWA78AjwMPA3cLO9ROSmUuqa53lHy+XyIg5WLBZX1uv1/SKyRin1BBBfDwF/AX8CZ5XWeg540sHvNmPM1w44tNZbga8csL9aAvMthln4M77v7yqVSpGDU8bHx/MLCwtfADu64OctgQXg0QxgT4e3/TiSuGsJ/AE8nkZARA6EYXjE5eadGK3168AHGXtvWQJXgaczQE0ReT4Mw4u9kNBajwHfAYWMfT9aApeA8S7Oa8CzxpifXEgMDQ2tyefzBujvgi9ZAl8CLzg4nvU8b7RcLt/Owg4ODq7o6+u7DDzj4PO0CoLgmFJqXwt8BrCbD6eE7pLv+89l/Qat9Qng5YTDm8BBwKZm6XeIyIc2Am8C7wHLr72VP0umM4SNfD6/tlKp/J50O611H3ADsGITtztKqZ3VavXbjt/xlmqp1oTv++fiN2vl8Ww8lCLyaRiGSbdbPiwIguNKqb2x039uNptbpqenf+n4ops9z7uoHPL5EbBbRD4rFApvVyoVK1ypNjo62h9F0bvAi0AJ2GmMsY840TIJtHfY0GY5SfJsiQwMDNyampqyuU81JwIOr/k/Qx4QeBCB/38ErHItLi6uTlO/tOfv+nUzI1AsFh+r1+tWksdE5PNCoXDIRYgajcY7SqmXgFO1Wu212dnZf1KFKE2KtdbrgW+AwfZmEfk4DMNXsz691voT4JUY5koURdtnZmauJUpxUjEKgmBCKWXLtC0ucbMd8+o0VWzJ8G/Aio59Vr53GGO+v6cYdZZjEflBKWVb9VzCTU8aY/akRWBycjI3Nzd3HphIwDRa5XhDZzl2bUiu1Gq1DVn5tIe2SnIFeMpBn0+7tmTzURTpeB6znA8PD6/L5XKWxKouJJZasm5NqQ3dRps/hxstQ0ZGRjaJyIWUVLZxS01pZlsOvGGMOdbL4bEyvh/IaumX2vL7Ppjc99HMaThVSk1Wq1Wril2t1+HUZTy/Dhw1xtixuqv1Mp7/C9eAi3Z6kx7eAAAAAElFTkSuQmCC&logolink=https%3A%2F%2Fbcc.maps.arcgis.com%2Fapps%2FEmbed%2Findex.html%3Fwebmap%3D34d4096ad1bd44459ec928dbee17a411%26feature%3Dmoving_home_5779%3BOBJECTID%3B2609%26level%3D7%26scale%3Dfalse%26disable_scroll%3Dfalse%26logoimage%3Dhttps%3A%2F%2Fwww2.bristol.gov.uk%2Fsites%2Fall%2Fthemes%2Fbcclite%2Fimages%2Fbcc_logo_roundel.png";;https://www.bristol.gov.uk/libraries-archives/library-finder/-/journal_content/56/20195/LIBRARY-UPRN-000000253118;"{""type"": ""Point"", ""coordinates"": [-2.616896142581644, 51.41902568605893]}";51.4190256861,-2.61689614258
2610;Bedminster Library;4;St Peters Court;Bedminster Parade;Bedminster;Bristol;BS3 4AQ;000000300690;0117 9038529;bedminster.library@bristol.gov.uk;358840;171859;Bedminster Library, 4 St Peters Court, Bedminster Parade, Bristol, BS3 4AQ.;358837;171863;"https://bcc.maps.arcgis.com/apps/Embed/index.html?webmap=34d4096ad1bd44459ec928dbee17a411&feature=moving_home_5779;OBJECTID;2610&center=0,0&level=7&scale=false&disable_scroll=false&logoimage=data:image/png;base64,iVBORw0KGgoAAAANSUhEUgAAACAAAAAgCAYAAABzenr0AAADV0lEQVRYR+2XUYhUVRjHf4eZuWZ1WYxoBWEhWUl62eWepW1gkUWwfUhBxU1EqIcMgywRX8qXiB56SdAssNAgQiJXLEgRCXKQYhiZc9l9MIqWjSDFNVGGtbZm7vDFWWaWy3jvnTO92IMfnLf/+c7/fN85/+/7lNb6fWA78AjwMPA3cLO9ROSmUuqa53lHy+XyIg5WLBZX1uv1/SKyRin1BBBfDwF/AX8CZ5XWeg540sHvNmPM1w44tNZbga8csL9aAvMthln4M77v7yqVSpGDU8bHx/MLCwtfADu64OctgQXg0QxgT4e3/TiSuGsJ/AE8nkZARA6EYXjE5eadGK3168AHGXtvWQJXgaczQE0ReT4Mw4u9kNBajwHfAYWMfT9aApeA8S7Oa8CzxpifXEgMDQ2tyefzBujvgi9ZAl8CLzg4nvU8b7RcLt/Owg4ODq7o6+u7DDzj4PO0CoLgmFJqXwt8BrCbD6eE7pLv+89l/Qat9Qng5YTDm8BBwKZm6XeIyIc2Am8C7wHLr72VP0umM4SNfD6/tlKp/J50O611H3ADsGITtztKqZ3VavXbjt/xlmqp1oTv++fiN2vl8Ww8lCLyaRiGSbdbPiwIguNKqb2x039uNptbpqenf+n4ops9z7uoHPL5EbBbRD4rFApvVyoVK1ypNjo62h9F0bvAi0AJ2GmMsY840TIJtHfY0GY5SfJsiQwMDNyampqyuU81JwIOr/k/Qx4QeBCB/38ErHItLi6uTlO/tOfv+nUzI1AsFh+r1+tWksdE5PNCoXDIRYgajcY7SqmXgFO1Wu212dnZf1KFKE2KtdbrgW+AwfZmEfk4DMNXsz691voT4JUY5koURdtnZmauJUpxUjEKgmBCKWXLtC0ucbMd8+o0VWzJ8G/Aio59Vr53GGO+v6cYdZZjEflBKWVb9VzCTU8aY/akRWBycjI3Nzd3HphIwDRa5XhDZzl2bUiu1Gq1DVn5tIe2SnIFeMpBn0+7tmTzURTpeB6znA8PD6/L5XKWxKouJJZasm5NqQ3dRps/hxstQ0ZGRjaJyIWUVLZxS01pZlsOvGGMOdbL4bEyvh/IaumX2vL7Ppjc99HMaThVSk1Wq1Wril2t1+HUZTy/Dhw1xtixuqv1Mp7/C9eAi3Z6kx7eAAAAAElFTkSuQmCC&logolink=https%3A%2F%2Fbcc.maps.arcgis.com%2Fapps%2FEmbed%2Findex.html%3Fwebmap%3D34d4096ad1bd44459ec928dbee17a411%26feature%3Dmoving_home_5779%3BOBJECTID%3B2610%26level%3D7%26scale%3Dfalse%26disable_scroll%3Dfalse%26logoimage%3Dhttps%3A%2F%2Fwww2.bristol.gov.uk%2Fsites%2Fall%2Fthemes%2Fbcclite%2Fimages%2Fbcc_logo_roundel.png";;https://www.bristol.gov.uk/libraries-archives/library-finder/-/journal_content/56/20195/LIBRARY-UPRN-000000300690;"{""type"": ""Point"", ""coordinates"": [-2.593672507898503, 51.44425201402109]}";51.444252014,-2.5936725079
2596;Henbury Library;;Henbury Library;Crow Lane;Henbury;Bristol;BS10 7DR;000000003424;0117 9038522;henbury.library@bristol.gov.uk;357107;179160;Henbury Library, Crow Lane, Henbury, Bristol, BS10 7DR.;357107;179160;"https://bcc.maps.arcgis.com/apps/Embed/index.html?webmap=34d4096ad1bd44459ec928dbee17a411&feature=moving_home_5779;OBJECTID;2596&center=0,0&level=7&scale=false&disable_scroll=false&logoimage=data:image/png;base64,iVBORw0KGgoAAAANSUhEUgAAACAAAAAgCAYAAABzenr0AAADV0lEQVRYR+2XUYhUVRjHf4eZuWZ1WYxoBWEhWUl62eWepW1gkUWwfUhBxU1EqIcMgywRX8qXiB56SdAssNAgQiJXLEgRCXKQYhiZc9l9MIqWjSDFNVGGtbZm7vDFWWaWy3jvnTO92IMfnLf/+c7/fN85/+/7lNb6fWA78AjwMPA3cLO9ROSmUuqa53lHy+XyIg5WLBZX1uv1/SKyRin1BBBfDwF/AX8CZ5XWeg540sHvNmPM1w44tNZbga8csL9aAvMthln4M77v7yqVSpGDU8bHx/MLCwtfADu64OctgQXg0QxgT4e3/TiSuGsJ/AE8nkZARA6EYXjE5eadGK3168AHGXtvWQJXgaczQE0ReT4Mw4u9kNBajwHfAYWMfT9aApeA8S7Oa8CzxpifXEgMDQ2tyefzBujvgi9ZAl8CLzg4nvU8b7RcLt/Owg4ODq7o6+u7DDzj4PO0CoLgmFJqXwt8BrCbD6eE7pLv+89l/Qat9Qng5YTDm8BBwKZm6XeIyIc2Am8C7wHLr72VP0umM4SNfD6/tlKp/J50O611H3ADsGITtztKqZ3VavXbjt/xlmqp1oTv++fiN2vl8Ww8lCLyaRiGSbdbPiwIguNKqb2x039uNptbpqenf+n4ops9z7uoHPL5EbBbRD4rFApvVyoVK1ypNjo62h9F0bvAi0AJ2GmMsY840TIJtHfY0GY5SfJsiQwMDNyampqyuU81JwIOr/k/Qx4QeBCB/38ErHItLi6uTlO/tOfv+nUzI1AsFh+r1+tWksdE5PNCoXDIRYgajcY7SqmXgFO1Wu212dnZf1KFKE2KtdbrgW+AwfZmEfk4DMNXsz691voT4JUY5koURdtnZmauJUpxUjEKgmBCKWXLtC0ucbMd8+o0VWzJ8G/Aio59Vr53GGO+v6cYdZZjEflBKWVb9VzCTU8aY/akRWBycjI3Nzd3HphIwDRa5XhDZzl2bUiu1Gq1DVn5tIe2SnIFeMpBn0+7tmTzURTpeB6znA8PD6/L5XKWxKouJJZasm5NqQ3dRps/hxstQ0ZGRjaJyIWUVLZxS01pZlsOvGGMOdbL4bEyvh/IaumX2vL7Ppjc99HMaThVSk1Wq1Wril2t1+HUZTy/Dhw1xtixuqv1Mp7/C9eAi3Z6kx7eAAAAAElFTkSuQmCC&logolink=https%3A%2F%2Fbcc.maps.arcgis.com%2Fapps%2FEmbed%2Findex.html%3Fwebmap%3D34d4096ad1bd44459ec928dbee17a411%26feature%3Dmoving_home_5779%3BOBJECTID%3B2596%26level%3D7%26scale%3Dfalse%26disable_scroll%3Dfalse%26logoimage%3Dhttps%3A%2F%2Fwww2.bristol.gov.uk%2Fsites%2Fall%2Fthemes%2Fbcclite%2Fimages%2Fbcc_logo_roundel.png";;https://www.bristol.gov.uk/libraries-archives/library-finder/-/journal_content/56/20195/LIBRARY-UPRN-000000003424;"{""type"": ""Point"", ""coordinates"": [-2.619451992910172, 51.50972880218299]}";51.5097288022,-2.61945199291
2597;Hartcliffe Library;@Symes Building;Hartcliffe Library;Peterson Avenue;Hartcliffe;Bristol;BS13 0BE;000000326327;0117 9038568;hartcliffe.library@bristol.gov.uk;358470;167463;Hartcliffe Library, Peterson Avenue, Bristol, BS13 0BE.;358470;167463;"https://bcc.maps.arcgis.com/apps/Embed/index.html?webmap=34d4096ad1bd44459ec928dbee17a411&feature=moving_home_5779;OBJECTID;2597&center=0,0&level=7&scale=false&disable_scroll=false&logoimage=data:image/png;base64,iVBORw0KGgoAAAANSUhEUgAAACAAAAAgCAYAAABzenr0AAADV0lEQVRYR+2XUYhUVRjHf4eZuWZ1WYxoBWEhWUl62eWepW1gkUWwfUhBxU1EqIcMgywRX8qXiB56SdAssNAgQiJXLEgRCXKQYhiZc9l9MIqWjSDFNVGGtbZm7vDFWWaWy3jvnTO92IMfnLf/+c7/fN85/+/7lNb6fWA78AjwMPA3cLO9ROSmUuqa53lHy+XyIg5WLBZX1uv1/SKyRin1BBBfDwF/AX8CZ5XWeg540sHvNmPM1w44tNZbga8csL9aAvMthln4M77v7yqVSpGDU8bHx/MLCwtfADu64OctgQXg0QxgT4e3/TiSuGsJ/AE8nkZARA6EYXjE5eadGK3168AHGXtvWQJXgaczQE0ReT4Mw4u9kNBajwHfAYWMfT9aApeA8S7Oa8CzxpifXEgMDQ2tyefzBujvgi9ZAl8CLzg4nvU8b7RcLt/Owg4ODq7o6+u7DDzj4PO0CoLgmFJqXwt8BrCbD6eE7pLv+89l/Qat9Qng5YTDm8BBwKZm6XeIyIc2Am8C7wHLr72VP0umM4SNfD6/tlKp/J50O611H3ADsGITtztKqZ3VavXbjt/xlmqp1oTv++fiN2vl8Ww8lCLyaRiGSbdbPiwIguNKqb2x039uNptbpqenf+n4ops9z7uoHPL5EbBbRD4rFApvVyoVK1ypNjo62h9F0bvAi0AJ2GmMsY840TIJtHfY0GY5SfJsiQwMDNyampqyuU81JwIOr/k/Qx4QeBCB/38ErHItLi6uTlO/tOfv+nUzI1AsFh+r1+tWksdE5PNCoXDIRYgajcY7SqmXgFO1Wu212dnZf1KFKE2KtdbrgW+AwfZmEfk4DMNXsz691voT4JUY5koURdtnZmauJUpxUjEKgmBCKWXLtC0ucbMd8+o0VWzJ8G/Aio59Vr53GGO+v6cYdZZjEflBKWVb9VzCTU8aY/akRWBycjI3Nzd3HphIwDRa5XhDZzl2bUiu1Gq1DVn5tIe2SnIFeMpBn0+7tmTzURTpeB6znA8PD6/L5XKWxKouJJZasm5NqQ3dRps/hxstQ0ZGRjaJyIWUVLZxS01pZlsOvGGMOdbL4bEyvh/IaumX2vL7Ppjc99HMaThVSk1Wq1Wril2t1+HUZTy/Dhw1xtixuqv1Mp7/C9eAi3Z6kx7eAAAAAElFTkSuQmCC&logolink=https%3A%2F%2Fbcc.maps.arcgis.com%2Fapps%2FEmbed%2Findex.html%3Fwebmap%3D34d4096ad1bd44459ec928dbee17a411%26feature%3Dmoving_home_5779%3BOBJECTID%3B2597%26level%3D7%26scale%3Dfalse%26disable_scroll%3Dfalse%26logoimage%3Dhttps%3A%2F%2Fwww2.bristol.gov.uk%2Fsites%2Fall%2Fthemes%2Fbcclite%2Fimages%2Fbcc_logo_roundel.png";;https://www.bristol.gov.uk/libraries-archives/library-finder/-/journal_content/56/20195/LIBRARY-UPRN-000000326327;"{""type"": ""Point"", ""coordinates"": [-2.598434392560231, 51.404662347225866]}";51.4046623472,-2.59843439256
2606;Fishponds Library;Fishponds Library;Robinson House;Hockeys Lane;Fishponds;Bristol;BS16 3HL;000000258418;0117 9038560;fishponds.library@bristol.gov.uk;363072;175538;Robinson House, Hockeys Lane, Bristol, BS16 3HL.;363072;175538;"https://bcc.maps.arcgis.com/apps/Embed/index.html?webmap=34d4096ad1bd44459ec928dbee17a411&feature=moving_home_5779;OBJECTID;2606&center=0,0&level=7&scale=false&disable_scroll=false&logoimage=data:image/png;base64,iVBORw0KGgoAAAANSUhEUgAAACAAAAAgCAYAAABzenr0AAADV0lEQVRYR+2XUYhUVRjHf4eZuWZ1WYxoBWEhWUl62eWepW1gkUWwfUhBxU1EqIcMgywRX8qXiB56SdAssNAgQiJXLEgRCXKQYhiZc9l9MIqWjSDFNVGGtbZm7vDFWWaWy3jvnTO92IMfnLf/+c7/fN85/+/7lNb6fWA78AjwMPA3cLO9ROSmUuqa53lHy+XyIg5WLBZX1uv1/SKyRin1BBBfDwF/AX8CZ5XWeg540sHvNmPM1w44tNZbga8csL9aAvMthln4M77v7yqVSpGDU8bHx/MLCwtfADu64OctgQXg0QxgT4e3/TiSuGsJ/AE8nkZARA6EYXjE5eadGK3168AHGXtvWQJXgaczQE0ReT4Mw4u9kNBajwHfAYWMfT9aApeA8S7Oa8CzxpifXEgMDQ2tyefzBujvgi9ZAl8CLzg4nvU8b7RcLt/Owg4ODq7o6+u7DDzj4PO0CoLgmFJqXwt8BrCbD6eE7pLv+89l/Qat9Qng5YTDm8BBwKZm6XeIyIc2Am8C7wHLr72VP0umM4SNfD6/tlKp/J50O611H3ADsGITtztKqZ3VavXbjt/xlmqp1oTv++fiN2vl8Ww8lCLyaRiGSbdbPiwIguNKqb2x039uNptbpqenf+n4ops9z7uoHPL5EbBbRD4rFApvVyoVK1ypNjo62h9F0bvAi0AJ2GmMsY840TIJtHfY0GY5SfJsiQwMDNyampqyuU81JwIOr/k/Qx4QeBCB/38ErHItLi6uTlO/tOfv+nUzI1AsFh+r1+tWksdE5PNCoXDIRYgajcY7SqmXgFO1Wu212dnZf1KFKE2KtdbrgW+AwfZmEfk4DMNXsz691voT4JUY5koURdtnZmauJUpxUjEKgmBCKWXLtC0ucbMd8+o0VWzJ8G/Aio59Vr53GGO+v6cYdZZjEflBKWVb9VzCTU8aY/akRWBycjI3Nzd3HphIwDRa5XhDZzl2bUiu1Gq1DVn5tIe2SnIFeMpBn0+7tmTzURTpeB6znA8PD6/L5XKWxKouJJZasm5NqQ3dRps/hxstQ0ZGRjaJyIWUVLZxS01pZlsOvGGMOdbL4bEyvh/IaumX2vL7Ppjc99HMaThVSk1Wq1Wril2t1+HUZTy/Dhw1xtixuqv1Mp7/C9eAi3Z6kx7eAAAAAElFTkSuQmCC&logolink=https%3A%2F%2Fbcc.maps.arcgis.com%2Fapps%2FEmbed%2Findex.html%3Fwebmap%3D34d4096ad1bd44459ec928dbee17a411%26feature%3Dmoving_home_5779%3BOBJECTID%3B2606%26level%3D7%26scale%3Dfalse%26disable_scroll%3Dfalse%26logoimage%3Dhttps%3A%2F%2Fwww2.bristol.gov.uk%2Fsites%2Fall%2Fthemes%2Fbcclite%2Fimages%2Fbcc_logo_roundel.png";;https://www.bristol.gov.uk/libraries-archives/library-finder/-/journal_content/56/20195/LIBRARY-UPRN-000000258418;"{""type"": ""Point"", ""coordinates"": [-2.533123283547419, 51.477585475128706]}";51.4775854751,-2.53312328355
2603;St Pauls Library;;94;Grosvenor Road;St Pauls;Bristol;BS2 8XJ;000000259917;0117 9145489;st.pauls.library@bristol.gov.uk;359663;174111;St Pauls Library, 96 Grosvenor Road, Bristol, BS2 8XJ.;359626;174076;"https://bcc.maps.arcgis.com/apps/Embed/index.html?webmap=34d4096ad1bd44459ec928dbee17a411&feature=moving_home_5779;OBJECTID;2603&center=0,0&level=7&scale=false&disable_scroll=false&logoimage=data:image/png;base64,iVBORw0KGgoAAAANSUhEUgAAACAAAAAgCAYAAABzenr0AAADV0lEQVRYR+2XUYhUVRjHf4eZuWZ1WYxoBWEhWUl62eWepW1gkUWwfUhBxU1EqIcMgywRX8qXiB56SdAssNAgQiJXLEgRCXKQYhiZc9l9MIqWjSDFNVGGtbZm7vDFWWaWy3jvnTO92IMfnLf/+c7/fN85/+/7lNb6fWA78AjwMPA3cLO9ROSmUuqa53lHy+XyIg5WLBZX1uv1/SKyRin1BBBfDwF/AX8CZ5XWeg540sHvNmPM1w44tNZbga8csL9aAvMthln4M77v7yqVSpGDU8bHx/MLCwtfADu64OctgQXg0QxgT4e3/TiSuGsJ/AE8nkZARA6EYXjE5eadGK3168AHGXtvWQJXgaczQE0ReT4Mw4u9kNBajwHfAYWMfT9aApeA8S7Oa8CzxpifXEgMDQ2tyefzBujvgi9ZAl8CLzg4nvU8b7RcLt/Owg4ODq7o6+u7DDzj4PO0CoLgmFJqXwt8BrCbD6eE7pLv+89l/Qat9Qng5YTDm8BBwKZm6XeIyIc2Am8C7wHLr72VP0umM4SNfD6/tlKp/J50O611H3ADsGITtztKqZ3VavXbjt/xlmqp1oTv++fiN2vl8Ww8lCLyaRiGSbdbPiwIguNKqb2x039uNptbpqenf+n4ops9z7uoHPL5EbBbRD4rFApvVyoVK1ypNjo62h9F0bvAi0AJ2GmMsY840TIJtHfY0GY5SfJsiQwMDNyampqyuU81JwIOr/k/Qx4QeBCB/38ErHItLi6uTlO/tOfv+nUzI1AsFh+r1+tWksdE5PNCoXDIRYgajcY7SqmXgFO1Wu212dnZf1KFKE2KtdbrgW+AwfZmEfk4DMNXsz691voT4JUY5koURdtnZmauJUpxUjEKgmBCKWXLtC0ucbMd8+o0VWzJ8G/Aio59Vr53GGO+v6cYdZZjEflBKWVb9VzCTU8aY/akRWBycjI3Nzd3HphIwDRa5XhDZzl2bUiu1Gq1DVn5tIe2SnIFeMpBn0+7tmTzURTpeB6znA8PD6/L5XKWxKouJJZasm5NqQ3dRps/hxstQ0ZGRjaJyIWUVLZxS01pZlsOvGGMOdbL4bEyvh/IaumX2vL7Ppjc99HMaThVSk1Wq1Wril2t1+HUZTy/Dhw1xtixuqv1Mp7/C9eAi3Z6kx7eAAAAAElFTkSuQmCC&logolink=https%3A%2F%2Fbcc.maps.arcgis.com%2Fapps%2FEmbed%2Findex.html%3Fwebmap%3D34d4096ad1bd44459ec928dbee17a411%26feature%3Dmoving_home_5779%3BOBJECTID%3B2603%26level%3D7%26scale%3Dfalse%26disable_scroll%3Dfalse%26logoimage%3Dhttps%3A%2F%2Fwww2.bristol.gov.uk%2Fsites%2Fall%2Fthemes%2Fbcclite%2Fimages%2Fbcc_logo_roundel.png";;https://www.bristol.gov.uk/libraries-archives/library-finder/-/journal_content/56/20195/LIBRARY-UPRN-000000259917;"{""type"": ""Point"", ""coordinates"": [-2.582579362593446, 51.464207314002266]}";51.464207314,-2.58257936259
2604;St George Library;;St George Library;Church Road;St George;Bristol;BS5 8AL;000000091711;0117 9038523;st.george.library@bristol.gov.uk;362291;173650;St George Library, Church Road, St George, Bristol, BS5 8AL.;362287;173647;"https://bcc.maps.arcgis.com/apps/Embed/index.html?webmap=34d4096ad1bd44459ec928dbee17a411&feature=moving_home_5779;OBJECTID;2604&center=0,0&level=7&scale=false&disable_scroll=false&logoimage=data:image/png;base64,iVBORw0KGgoAAAANSUhEUgAAACAAAAAgCAYAAABzenr0AAADV0lEQVRYR+2XUYhUVRjHf4eZuWZ1WYxoBWEhWUl62eWepW1gkUWwfUhBxU1EqIcMgywRX8qXiB56SdAssNAgQiJXLEgRCXKQYhiZc9l9MIqWjSDFNVGGtbZm7vDFWWaWy3jvnTO92IMfnLf/+c7/fN85/+/7lNb6fWA78AjwMPA3cLO9ROSmUuqa53lHy+XyIg5WLBZX1uv1/SKyRin1BBBfDwF/AX8CZ5XWeg540sHvNmPM1w44tNZbga8csL9aAvMthln4M77v7yqVSpGDU8bHx/MLCwtfADu64OctgQXg0QxgT4e3/TiSuGsJ/AE8nkZARA6EYXjE5eadGK3168AHGXtvWQJXgaczQE0ReT4Mw4u9kNBajwHfAYWMfT9aApeA8S7Oa8CzxpifXEgMDQ2tyefzBujvgi9ZAl8CLzg4nvU8b7RcLt/Owg4ODq7o6+u7DDzj4PO0CoLgmFJqXwt8BrCbD6eE7pLv+89l/Qat9Qng5YTDm8BBwKZm6XeIyIc2Am8C7wHLr72VP0umM4SNfD6/tlKp/J50O611H3ADsGITtztKqZ3VavXbjt/xlmqp1oTv++fiN2vl8Ww8lCLyaRiGSbdbPiwIguNKqb2x039uNptbpqenf+n4ops9z7uoHPL5EbBbRD4rFApvVyoVK1ypNjo62h9F0bvAi0AJ2GmMsY840TIJtHfY0GY5SfJsiQwMDNyampqyuU81JwIOr/k/Qx4QeBCB/38ErHItLi6uTlO/tOfv+nUzI1AsFh+r1+tWksdE5PNCoXDIRYgajcY7SqmXgFO1Wu212dnZf1KFKE2KtdbrgW+AwfZmEfk4DMNXsz691voT4JUY5koURdtnZmauJUpxUjEKgmBCKWXLtC0ucbMd8+o0VWzJ8G/Aio59Vr53GGO+v6cYdZZjEflBKWVb9VzCTU8aY/akRWBycjI3Nzd3HphIwDRa5XhDZzl2bUiu1Gq1DVn5tIe2SnIFeMpBn0+7tmTzURTpeB6znA8PD6/L5XKWxKouJJZasm5NqQ3dRps/hxstQ0ZGRjaJyIWUVLZxS01pZlsOvGGMOdbL4bEyvh/IaumX2vL7Ppjc99HMaThVSk1Wq1Wril2t1+HUZTy/Dhw1xtixuqv1Mp7/C9eAi3Z6kx7eAAAAAElFTkSuQmCC&logolink=https%3A%2F%2Fbcc.maps.arcgis.com%2Fapps%2FEmbed%2Findex.html%3Fwebmap%3D34d4096ad1bd44459ec928dbee17a411%26feature%3Dmoving_home_5779%3BOBJECTID%3B2604%26level%3D7%26scale%3Dfalse%26disable_scroll%3Dfalse%26logoimage%3Dhttps%3A%2F%2Fwww2.bristol.gov.uk%2Fsites%2Fall%2Fthemes%2Fbcclite%2Fimages%2Fbcc_logo_roundel.png";;https://www.bristol.gov.uk/libraries-archives/library-finder/-/journal_content/56/20195/LIBRARY-UPRN-000000091711;"{""type"": ""Point"", ""coordinates"": [-2.544224961062441, 51.46053056204]}";51.460530562,-2.54422496106
